id,opening_revenue,budget,runtime,position_in_series,previous_film_release,previous_film_rating,cast_xp_median,cast_rating_max,writer_xp_median,writer_xp_sum,writer_rating_median,writer_rating_max,production_room,writers_room,sound_room,crew,based_on_novel,is_adventure,is_fantasy,is_animation,is_drama,is_horror,is_action,is_comedy,is_history,is_thriller,is_crime,is_documentary,is_sci_fi,is_mystery,is_music,is_romance,is_family,total_genres,CA,US,is_series,num_production_companies,num_indie,is_indie,pct_indie,filmed_in_central_america,filmed_in_oceania,filmed_in_europe,filmed_in_asia,filmed_in_mena,is_spring,is_summer,is_fall,is_holiday,is_jan,is_feb,is_mar,is_apr,is_may,is_jun,is_jul,is_aug,is_sep,is_oct,is_nov,is_dec,first_time_writers,first_time_directors
59,364000.0,32000000.0,96.0,1,0.0,0.0,43.0,8.5,3.5,7.0,4.7,5.8,13.0,3.0,18.0,73.0,0,0,0,0,1,0,0,0,0,1,1,0,0,0,0,0,0,3,0,1,0,2,0,0,0.3333333333333333,0,0,1,0,0,0,0,1,0,0,0,0,0,0,0,0,0,1,0,0,0,0,0
8976,7576593.0,30000000.0,107.0,1,0.0,0.0,12.0,7.574,0.0,0.0,0.0,0.0,5.0,1.0,13.0,36.0,0,0,0,0,1,0,0,1,0,0,0,0,0,0,0,1,0,3,0,1,0,1,0,0,0.0,0,0,0,0,0,1,0,0,0,0,0,0,1,0,0,0,0,0,0,0,0,1,0
10077,917398.0,80000000.0,101.0,1,0.0,0.0,21.0,10.0,6.0,62.0,5.9565,10.0,31.0,4.0,16.0,133.0,0,1,0,0,0,0,1,0,0,1,0,0,1,0,0,0,0,4,0,1,0,5,0,0,0.058823529411764705,0,0,1,0,0,0,1,0,0,0,0,0,0,1,0,0,0,0,0,0,0,0,0
8202,12661112.0,62000000.0,93.0,1,0.0,0.0,23.0,10.0,4.0,17.0,6.6,10.0,33.0,3.0,21.0,187.0,0,0,0,0,0,0,1,0,0,1,0,0,1,0,0,0,0,3,0,1,0,2,0,0,0.2,0,0,1,0,0,0,0,0,1,0,0,0,0,0,0,0,0,0,0,1,0,0,0
22559,479368.0,26000000.0,95.0,1,0.0,0.0,2.0,8.4,7.0,7.0,6.9,7.9,5.0,1.0,1.0,13.0,0,0,0,0,0,0,0,0,0,0,0,1,0,0,0,0,0,1,0,1,0,1,0,0,0.5,0,0,0,0,0,0,0,0,0,1,0,0,0,0,0,0,0,0,0,0,0,0,0
12142,2834421.0,20000000.0,98.0,1,0.0,0.0,21.0,10.0,1.0,2.0,4.5355,5.971,24.0,3.0,15.0,143.0,0,0,1,0,0,1,1,0,0,0,0,0,0,0,0,0,0,3,0,1,0,3,0,0,0.0,0,0,1,0,0,0,0,0,0,1,0,0,0,0,0,0,0,0,0,0,0,0,0
1947,749000.0,30000000.0,108.0,1,0.0,0.0,32.0,10.0,4.0,4.0,5.8,6.0,18.0,2.0,2.0,53.0,0,0,0,0,1,0,0,0,0,0,0,0,0,0,0,0,0,1,0,1,0,2,0,0,0.0,0,0,1,0,0,0,0,1,0,0,0,0,0,0,0,0,0,1,0,0,0,0,0
11637,18575214.0,32000000.0,95.0,1,0.0,0.0,22.0,10.0,6.0,29.0,6.2,7.3,12.0,6.0,8.0,99.0,0,1,0,0,0,0,0,1,0,0,0,0,0,0,0,1,1,4,0,1,0,1,0,0,0.3333333333333333,0,0,0,0,0,0,0,0,0,1,0,0,0,0,0,0,0,0,0,0,0,0,0
8978,7000000.0,30000000.0,109.0,1,0.0,0.0,34.0,8.308,43.5,87.0,6.1,8.1,27.0,2.0,30.0,141.0,0,1,0,0,1,0,1,0,0,1,1,0,0,0,0,0,0,5,0,1,0,3,0,0,0.0,0,0,1,0,0,0,0,0,0,1,0,0,0,0,0,0,0,0,0,0,0,0,0
13341,11382472.0,30000000.0,113.0,1,0.0,0.0,41.0,10.0,2.0,9.0,5.8,8.1,2.0,3.0,1.0,15.0,0,0,0,0,0,0,0,1,0,0,0,0,0,0,0,0,0,1,0,1,0,1,0,0,0.3333333333333333,0,0,0,0,0,0,1,0,0,0,0,0,0,0,0,1,0,0,0,0,0,0,0
272,48745440.0,150000000.0,140.0,1,0.0,0.0,48.0,10.0,18.0,57.0,5.9,8.181,39.0,3.0,28.0,238.0,0,0,0,0,1,0,1,0,0,0,1,0,0,0,0,0,0,3,0,1,0,2,0,0,0.2,0,0,1,0,0,0,1,0,0,0,0,0,0,0,1,0,0,0,0,0,0,0,0
4551,23450212.0,53000000.0,118.0,2,3423.0,6.47,35.0,10.0,19.0,38.0,5.75,9.5,9.0,2.0,3.0,61.0,1,0,0,0,0,0,0,1,0,0,1,0,0,0,0,0,0,2,0,1,1,1,0,0,0.0,0,0,0,0,0,1,0,0,0,0,0,1,0,0,0,0,0,0,0,0,0,0,0
14177,12801465.0,25000000.0,105.0,1,0.0,0.0,25.0,10.0,4.0,8.0,5.1,7.2,13.0,3.0,1.0,29.0,0,0,0,0,0,0,0,1,0,0,0,0,0,0,0,1,0,2,0,1,0,1,0,0,0.0,0,0,0,0,0,1,0,0,0,0,0,0,1,0,0,0,0,0,0,0,0,0,0
17880,10208431.0,14000000.0,106.0,1,0.0,0.0,43.0,10.0,1.0,1.0,5.3,5.3,7.0,2.0,15.0,39.0,1,0,0,0,1,0,0,1,0,0,0,0,0,0,0,0,1,3,0,1,0,1,0,0,1.0,0,0,0,0,0,0,0,0,0,0,1,0,0,0,0,0,0,0,0,0,0,0,0
9722,20131130.0,85000000.0,102.0,1,0.0,0.0,48.0,10.0,11.0,40.0,6.05,7.4,9.0,3.0,1.0,38.0,0,0,1,0,0,0,0,1,0,0,0,0,0,0,0,1,0,3,0,1,0,1,0,0,0.25,0,0,0,0,0,0,1,0,0,0,0,0,0,0,1,0,0,0,0,0,0,0,0
8968,19020655.0,20000000.0,89.0,1,0.0,0.0,8.0,8.5,3.0,6.0,3.0,8.0,12.0,3.0,11.0,72.0,0,0,0,0,1,1,0,0,0,1,0,0,0,1,0,0,0,4,0,1,0,1,0,0,0.0,0,0,0,0,0,0,0,0,0,0,1,0,0,0,0,0,0,0,0,0,0,0,0
142,547425.0,14000000.0,134.0,1,0.0,0.0,18.0,10.0,1.0,14.0,6.133,7.6,16.0,3.0,24.0,99.0,1,0,0,0,1,0,0,0,0,0,0,0,0,0,0,1,0,2,0,1,0,2,0,0,0.0,0,0,0,0,0,0,0,1,0,0,0,0,0,0,0,0,0,0,1,0,0,0,0
308,780408.0,10000000.0,106.0,1,0.0,0.0,43.0,10.0,39.5,79.0,6.5,8.0,29.0,4.0,18.0,186.0,0,0,0,0,1,0,0,1,0,0,0,0,0,1,0,1,0,4,0,1,0,2,0,0,0.0,0,0,1,0,0,0,1,0,0,0,0,0,0,0,0,1,0,0,0,0,0,0,0
398,324857.0,7000000.0,114.0,1,0.0,0.0,43.0,8.0,0.0,0.0,0.0,0.0,6.0,2.0,2.0,22.0,1,0,0,0,1,0,0,0,0,0,1,0,0,0,0,0,0,2,0,1,0,1,0,0,0.0,0,0,0,0,0,0,0,1,0,0,0,0,0,0,0,0,0,1,0,0,0,1,0
9681,119276.0,20000000.0,112.0,1,0.0,0.0,34.0,10.0,8.0,16.0,6.05,7.113,9.0,3.0,12.0,65.0,0,1,0,0,1,0,0,1,0,0,0,0,0,0,0,1,0,4,0,1,0,1,0,0,0.0,0,0,0,0,0,0,0,0,1,0,0,0,0,0,0,0,0,0,0,0,1,0,0
118,56178450.0,150000000.0,115.0,1,0.0,0.0,41.0,10.0,17.5,35.0,6.35,7.761,37.0,2.0,26.0,194.0,0,1,1,0,0,0,0,1,0,0,0,0,0,0,0,0,1,4,0,1,0,2,0,0,0.2,0,0,1,0,0,0,1,0,0,0,0,0,0,0,0,1,0,0,0,0,0,0,0
9641,9309387.0,60000000.0,94.0,2,728.0,6.3,22.0,9.0,3.0,13.0,6.3,7.3,7.0,4.0,1.0,36.0,1,1,0,0,0,0,0,1,0,0,0,0,0,0,0,0,1,3,1,1,1,2,0,0,0.5,0,0,0,0,0,0,0,0,1,0,0,0,0,0,0,0,0,0,0,0,1,0,0
9982,40049778.0,150000000.0,81.0,1,0.0,0.0,31.0,10.0,5.0,32.0,7.05,7.91,7.0,7.0,10.0,77.0,0,0,0,1,0,0,0,1,0,0,0,0,0,0,0,0,1,3,0,1,0,1,0,0,0.5,0,0,0,0,0,0,0,0,1,0,0,0,0,0,0,0,0,0,0,1,0,0,0
921,18320205.0,88000000.0,144.0,1,0.0,0.0,28.0,10.0,14.0,14.0,6.24,7.858,14.0,2.0,6.0,77.0,0,0,0,0,1,0,0,0,1,0,0,0,0,0,0,1,0,3,0,1,0,1,0,0,0.2,0,0,0,0,0,0,1,0,0,0,0,0,0,0,1,0,0,0,0,0,0,0,0
7214,24182961.0,30000000.0,136.0,1,0.0,0.0,6.0,10.0,4.5,9.0,5.4,6.5,9.0,2.0,1.0,21.0,0,0,0,0,1,0,0,0,1,0,0,0,0,0,0,0,0,2,0,1,0,2,0,0,0.3333333333333333,0,0,1,0,0,0,0,0,0,1,0,0,0,0,0,0,0,0,0,0,0,0,0
561,29769098.0,100000000.0,121.0,1,0.0,0.0,15.0,8.218,5.0,25.0,5.7,8.018,42.0,6.0,40.0,356.0,0,0,1,0,0,1,1,0,0,0,0,0,0,0,0,0,0,3,0,1,0,2,0,0,0.125,0,0,1,0,0,0,0,0,0,0,1,0,0,0,0,0,0,0,0,0,0,0,0
3933,388166.0,40000000.0,77.0,1,0.0,0.0,27.0,10.0,6.5,113.0,6.4,7.971,22.0,12.0,55.0,261.0,0,0,1,1,0,0,0,0,0,0,0,0,0,0,0,1,0,3,0,1,0,2,0,0,0.2,0,0,1,0,0,0,0,1,0,0,0,0,0,0,0,0,0,1,0,0,0,0,0
1640,9107071.0,6500000.0,112.0,1,0.0,0.0,36.0,10.0,3.0,18.0,6.0,8.6,34.0,4.0,19.0,142.0,0,0,0,0,1,0,0,0,0,0,0,0,0,0,0,0,0,1,0,1,0,2,0,0,0.0,0,0,1,0,0,0,1,0,0,0,0,0,0,1,0,0,0,0,0,0,0,0,0
10012,9600000.0,35000000.0,99.0,1,0.0,0.0,26.0,10.0,12.0,12.0,6.0145,7.422,57.0,1.0,39.0,421.0,0,0,0,0,0,1,0,1,0,0,0,0,0,0,0,0,0,2,0,1,0,2,0,0,0.0,0,0,1,0,0,0,0,0,0,0,1,0,0,0,0,0,0,0,0,0,0,0,0
8999,12211986.0,22000000.0,108.0,1,0.0,0.0,36.0,10.0,5.0,5.0,6.2,7.8,26.0,2.0,19.0,136.0,1,0,0,0,1,0,0,0,0,1,0,0,0,0,0,0,0,2,0,1,0,2,0,0,0.0,0,0,1,0,0,0,0,0,1,0,0,0,0,0,0,0,0,0,0,1,0,0,0
11453,9626287.0,22000000.0,83.0,2,2072.0,6.0,32.0,9.0,2.0,9.0,4.272,6.348,27.0,3.0,15.0,106.0,0,0,0,0,0,0,0,1,0,0,0,0,0,0,0,0,0,1,0,1,1,1,0,0,0.3333333333333333,0,0,0,0,0,0,1,0,0,0,0,0,0,0,0,0,1,0,0,0,0,0,1
16186,21905089.0,5500000.0,117.0,1,0.0,0.0,5.0,10.0,22.0,22.0,7.5,7.6,33.0,2.0,35.0,167.0,0,0,0,0,1,0,0,1,0,0,0,0,0,0,0,1,0,3,0,1,0,1,0,0,0.0,0,0,0,0,0,0,0,0,0,0,1,0,0,0,0,0,0,0,0,0,0,0,0
9923,4675000.0,50000000.0,127.0,1,0.0,0.0,23.0,10.0,3.0,17.0,7.4,10.0,33.0,4.0,21.0,239.0,0,0,0,0,0,0,1,0,0,0,1,0,0,0,0,0,0,2,0,0,0,2,0,0,0.0,0,0,1,0,0,0,0,1,0,0,0,0,0,0,0,0,0,0,1,0,0,0,0
8814,15488870.0,60000000.0,105.0,1,0.0,0.0,10.0,10.0,13.0,13.0,5.911,7.3,26.0,2.0,24.0,178.0,0,0,0,0,0,1,1,0,0,0,0,0,1,0,0,0,0,3,0,1,0,4,0,0,0.0,0,0,1,0,0,0,0,1,0,0,0,0,0,0,0,0,0,0,1,0,0,0,0
9947,12804793.0,43000000.0,97.0,1,0.0,0.0,20.0,10.0,8.5,30.0,6.0,8.0,30.0,5.0,27.0,200.0,0,1,1,0,0,0,1,0,0,0,0,0,0,0,0,0,0,3,0,1,0,1,0,0,0.2,0,0,0,0,0,0,0,0,0,1,0,0,0,0,0,0,0,0,0,0,0,0,0
9621,10618711.0,57000000.0,123.0,1,0.0,0.0,69.0,10.0,19.0,19.0,6.8,7.51,23.0,1.0,28.0,132.0,0,0,0,0,1,0,0,1,0,0,0,0,0,0,0,1,0,3,0,1,0,2,0,0,0.25,0,0,1,0,0,0,0,1,0,0,0,0,0,0,0,0,0,0,1,0,0,0,0
13020,76639.0,26000000.0,110.0,1,0.0,0.0,59.5,10.0,27.0,27.0,0.0,7.3,3.0,2.0,11.0,6.0,0,0,0,0,0,0,0,0,0,0,0,1,0,0,0,0,0,1,0,1,0,1,0,0,0.0,0,0,0,0,0,1,0,0,0,0,0,0,1,0,0,0,0,0,0,0,0,0,0
340,66806.0,7000000.0,106.0,1,0.0,0.0,28.0,8.9,1.0,1.0,6.8,6.8,9.0,2.0,1.0,25.0,0,0,0,0,1,0,0,1,0,0,0,0,0,0,0,0,0,2,0,1,0,1,0,0,0.0,0,0,0,0,0,0,0,1,0,0,0,0,0,0,0,0,0,1,0,0,0,0,0
9738,56061504.0,100000000.0,106.0,1,0.0,0.0,9.0,10.0,14.0,102.0,5.8,8.442,36.0,4.0,28.0,329.0,0,0,1,0,0,0,1,0,0,0,0,0,1,0,0,0,0,3,0,1,0,2,0,0,0.16666666666666666,0,0,1,0,0,0,1,0,0,0,0,0,0,0,1,0,0,0,0,0,0,0,0
11431,12400125.0,30000000.0,104.0,1,0.0,0.0,30.0,10.0,24.0,57.0,6.01,7.2,9.0,3.0,3.0,28.0,1,0,0,0,0,0,0,1,0,0,0,0,0,0,0,1,0,2,0,1,0,2,0,0,0.0,0,0,1,0,0,1,0,0,0,0,0,0,1,0,0,0,0,0,0,0,0,0,0
9315,24629938.0,55000000.0,98.0,1,0.0,0.0,20.0,8.348,8.0,8.0,5.8115000000000006,7.004,44.0,2.0,34.0,232.0,0,0,0,0,1,0,0,0,0,1,0,0,0,1,0,0,0,3,0,1,0,1,0,0,0.0,0,0,0,0,0,0,0,1,0,0,0,0,0,0,0,0,0,1,0,0,0,0,0
8292,21176925.0,45000000.0,109.0,1,0.0,0.0,6.0,10.0,4.0,4.0,2.55,5.1,10.0,2.0,25.0,72.0,0,0,0,0,0,0,1,0,0,0,1,0,0,0,0,0,0,2,0,1,0,1,0,0,0.5,0,0,0,0,0,0,1,0,0,0,0,0,0,0,0,0,1,0,0,0,0,0,0
7552,14383515.0,100000000.0,90.0,1,0.0,0.0,47.0,10.0,13.0,53.0,5.8,7.5,29.0,6.0,20.0,159.0,0,0,0,0,0,0,0,1,0,0,1,0,0,0,0,0,0,2,0,1,0,1,0,0,0.3333333333333333,0,0,0,0,0,0,0,0,1,0,0,0,0,0,0,0,0,0,0,0,1,0,0
10060,12020807.0,40000000.0,117.0,1,0.0,0.0,12.0,10.0,0.0,0.0,0.0,0.0,14.0,1.0,3.0,30.0,0,0,0,0,1,0,0,0,0,0,1,0,0,0,1,0,0,3,0,1,0,1,0,0,0.3333333333333333,0,0,0,0,0,0,0,0,1,0,0,0,0,0,0,0,0,0,0,1,0,1,0
3291,421446.0,7000000.0,92.0,1,0.0,0.0,51.0,10.0,5.5,11.0,6.722,7.3,20.0,2.0,16.0,80.0,0,0,0,0,1,0,0,0,1,0,0,0,0,0,0,0,0,2,0,1,0,4,0,0,0.0,0,0,1,1,0,0,0,1,0,0,0,0,0,0,0,0,0,1,0,0,0,0,0
501,269131.0,26000000.0,103.0,1,0.0,0.0,1.0,0.0,0.0,0.0,0.0,0.0,10.0,2.0,12.0,30.0,0,0,0,0,0,0,0,0,0,0,0,1,0,0,0,0,0,1,0,1,0,1,0,0,0.0,0,0,0,0,0,0,1,0,0,0,0,0,0,0,0,1,0,0,0,0,0,1,0
11638,20671446.0,35000000.0,105.0,1,0.0,0.0,13.0,9.0,8.0,24.0,5.752000000000001,7.053,9.0,5.0,9.0,68.0,0,0,0,0,0,0,0,1,0,0,0,0,0,0,0,1,0,2,0,1,0,1,0,0,0.2,0,0,0,0,0,1,0,0,0,0,0,1,0,0,0,0,0,0,0,0,0,0,0
674,102685961.0,150000000.0,157.0,4,534.0,8.018,5.0,8.018,11.5,23.0,7.72,8.018,23.0,3.0,30.0,205.0,1,1,1,0,0,0,0,0,0,0,0,0,0,0,0,0,0,2,0,0,1,2,0,0,0.3333333333333333,0,0,1,0,0,0,0,0,1,0,0,0,0,0,0,0,0,0,0,1,0,0,0
11451,12709221.0,50000000.0,100.0,6,2762.0,5.565,23.0,10.0,6.0,34.0,6.1,7.8,26.0,8.0,20.0,173.0,0,1,1,0,0,0,0,1,0,0,0,0,0,0,0,1,1,5,0,1,1,1,0,0,0.5,0,0,0,0,0,0,1,0,0,0,0,0,0,0,1,0,0,0,0,0,0,0,0
11096,21959233.0,30000000.0,101.0,1,0.0,0.0,30.0,10.0,1.0,1.0,4.7,4.7,5.0,1.0,11.0,43.0,0,0,0,0,0,1,0,0,0,0,0,0,0,1,0,0,0,2,0,1,0,1,0,0,0.25,0,0,0,0,0,0,0,0,0,1,0,0,0,0,0,0,0,0,0,0,0,0,0
8488,43142214.0,70000000.0,118.0,1,0.0,0.0,8.0,10.0,0.0,0.0,0.0,0.0,15.0,1.0,29.0,117.0,0,0,0,0,1,0,0,1,0,0,0,0,0,0,0,1,0,3,0,1,0,1,0,0,0.5,0,0,0,0,0,0,0,0,0,0,1,0,0,0,0,0,0,0,0,0,0,1,0
2026,9800000.0,52000000.0,113.0,1,0.0,0.0,12.0,10.0,3.5,7.0,5.8,6.951,32.0,2.0,15.0,139.0,1,0,0,0,0,0,1,0,0,1,1,0,0,0,0,0,0,3,0,1,0,2,0,0,0.0,0,0,1,0,0,1,0,0,0,0,0,1,0,0,0,0,0,0,0,0,0,0,0
10066,12077236.0,40000000.0,113.0,1,0.0,0.0,11.0,10.0,13.0,65.0,5.1,7.2,26.0,3.0,18.0,139.0,0,0,0,0,0,1,0,0,0,1,0,0,0,1,0,0,0,3,0,1,0,1,0,0,0.3333333333333333,0,0,0,0,0,0,1,0,0,0,0,0,0,1,0,0,0,0,0,0,0,0,1
10476,8017808.0,8000000.0,116.0,1,0.0,0.0,12.0,10.0,9.0,9.0,6.0,6.1,6.0,1.0,21.0,38.0,0,0,0,0,1,0,0,0,0,0,1,0,0,0,1,0,0,3,0,1,0,1,0,0,0.0,0,0,0,0,0,0,1,0,0,0,0,0,0,0,0,1,0,0,0,0,0,0,0
13374,6807471.0,25000000.0,98.0,1,0.0,0.0,15.0,7.637,2.0,4.0,6.843500000000001,7.379,10.0,4.0,6.0,50.0,0,0,0,0,1,0,0,1,0,0,0,0,0,0,0,0,1,3,1,1,0,2,0,0,0.3333333333333333,0,0,0,0,0,1,0,0,0,0,0,1,0,0,0,0,0,0,0,0,0,0,0
11931,10017575.0,26000000.0,130.0,1,0.0,0.0,32.0,10.0,4.0,4.0,7.162000000000001,7.42,13.0,2.0,1.0,36.0,1,0,0,0,1,0,0,1,0,0,0,0,0,0,0,1,0,3,0,1,0,2,0,0,0.0,0,0,1,0,0,0,0,1,0,0,0,0,0,0,0,0,0,0,1,0,0,0,0
11968,7057854.0,50000000.0,110.0,1,0.0,0.0,15.0,8.5,1.0,1.0,5.2,5.2,30.0,1.0,25.0,159.0,0,1,0,0,0,0,1,0,0,1,1,0,0,0,0,0,0,4,0,1,0,1,0,0,0.3333333333333333,0,0,0,0,0,0,0,1,0,0,0,0,0,0,0,0,0,1,0,0,0,0,0
25,27726210.0,72000000.0,123.0,1,0.0,0.0,21.0,10.0,4.0,8.0,6.71,7.663,31.0,3.0,23.0,167.0,0,0,0,0,1,0,0,0,0,0,0,0,0,0,0,0,0,1,0,1,0,2,0,0,0.0,0,0,1,0,0,0,0,0,1,0,0,0,0,0,0,0,0,0,0,1,0,0,0
1444,74739.0,1000000.0,106.0,1,0.0,0.0,20.0,8.565,0.0,0.0,0.0,0.0,9.0,1.0,3.0,24.0,0,0,0,0,1,0,0,1,0,0,0,0,0,0,0,0,0,2,0,1,0,1,0,0,0.0,0,0,0,0,0,0,1,0,0,0,0,0,0,0,0,0,1,0,0,0,0,1,0
10033,9275000.0,26000000.0,94.0,1,0.0,0.0,12.0,9.0,2.0,2.0,4.0,4.0,21.0,1.0,23.0,91.0,0,0,0,0,0,0,0,1,0,0,0,0,0,0,0,1,0,2,0,1,0,3,0,0,0.0,0,0,1,0,0,0,0,0,1,0,0,0,0,0,0,0,0,0,0,1,0,0,0
9007,16408718.0,58000000.0,95.0,1,0.0,0.0,23.0,10.0,12.0,24.0,6.029999999999999,7.3,8.0,3.0,12.0,82.0,1,0,1,0,1,0,0,1,0,0,0,0,0,0,0,1,0,4,0,1,0,1,0,0,0.0,0,0,0,0,0,0,0,1,0,0,0,0,0,0,0,0,0,1,0,0,0,0,0
9981,20159925.0,45000000.0,95.0,1,0.0,0.0,22.0,10.0,4.0,8.0,6.246,6.822,7.0,2.0,2.0,37.0,0,0,0,0,0,0,0,1,0,0,0,0,0,0,0,0,1,2,0,1,0,1,0,0,0.0,0,0,0,0,0,0,1,0,0,0,0,0,0,1,0,0,0,0,0,0,0,0,0
254,50130145.0,207000000.0,187.0,1,0.0,0.0,33.0,10.0,50.0,290.0,6.0,10.0,30.0,5.0,43.0,254.0,0,1,0,0,1,0,1,0,0,0,0,0,0,0,0,0,0,3,0,1,0,3,0,0,0.25,0,1,1,0,0,0,0,0,1,0,0,0,0,0,0,0,0,0,0,0,1,0,0
27360,2300000.0,15000000.0,95.0,1,0.0,0.0,18.0,10.0,0.0,0.0,0.0,0.0,10.0,1.0,2.0,25.0,0,0,0,0,0,0,0,1,0,0,1,0,0,0,0,0,0,2,1,1,0,2,0,0,0.25,0,0,0,0,0,1,0,0,0,0,0,0,1,0,0,0,0,0,0,0,0,1,0
1495,19635996.0,130000000.0,144.0,1,0.0,0.0,24.0,10.0,0.0,0.0,0.0,0.0,45.0,2.0,22.0,193.0,0,1,0,0,1,0,1,0,1,0,0,0,0,0,0,0,0,4,0,1,0,4,0,0,0.14285714285714285,0,0,1,0,0,0,1,0,0,0,0,0,0,1,0,0,0,0,0,0,0,1,0
5236,180660.0,15000000.0,103.0,1,0.0,0.0,47.0,10.0,20.0,40.0,6.6,7.289,8.0,3.0,4.0,38.0,1,0,0,0,0,0,0,1,0,0,1,0,0,1,0,0,0,3,0,1,0,1,0,0,0.5,0,0,0,0,0,0,0,1,0,0,0,0,0,0,0,0,0,1,0,0,0,0,0
11683,10221705.0,15000000.0,93.0,4,7290.0,7.0,16.0,10.0,62.0,62.0,6.0,7.618,25.0,1.0,15.0,130.0,0,0,0,0,0,1,0,0,0,0,0,0,1,0,0,0,0,2,1,1,1,3,0,0,0.16666666666666666,0,0,1,0,0,0,1,0,0,0,0,0,0,0,1,0,0,0,0,0,0,0,0
1830,9390144.0,50000000.0,122.0,1,0.0,0.0,21.0,8.4,10.0,10.0,7.345,8.144,48.0,1.0,26.0,191.0,0,0,0,0,1,0,0,0,0,1,1,0,0,0,0,0,0,3,0,1,0,3,0,0,0.0,0,0,1,0,0,0,0,1,0,0,0,0,0,0,0,0,0,1,0,0,0,0,0
9787,5623373.0,25000000.0,107.0,1,0.0,0.0,12.0,10.0,20.0,20.0,7.0515,10.0,47.0,1.0,39.0,282.0,0,0,0,0,1,0,0,0,0,0,0,0,0,0,0,0,0,1,0,1,0,2,0,0,0.4,0,0,1,0,0,0,1,0,0,0,0,0,0,0,1,0,0,0,0,0,0,0,0
14358,45348.0,500000.0,105.0,1,0.0,0.0,0.0,0.0,0.0,0.0,0.0,0.0,4.0,1.0,2.0,10.0,0,0,0,0,0,0,0,0,0,0,0,1,0,0,0,0,1,2,0,1,0,1,0,0,0.3333333333333333,0,0,0,0,0,0,1,0,0,0,0,0,0,1,0,0,0,0,0,0,0,1,1
953,47224594.0,75000000.0,86.0,1,0.0,0.0,29.0,8.7,3.5,15.0,4.667,8.1,48.0,5.0,51.0,258.0,0,1,0,1,0,0,0,1,0,0,0,0,0,0,0,0,1,4,0,1,0,1,0,0,0.0,0,0,0,0,0,0,1,0,0,0,0,0,0,1,0,0,0,0,0,0,0,0,0
13498,8917251.0,40000000.0,100.0,1,0.0,0.0,11.0,9.5,5.0,21.0,5.9,10.0,9.0,5.0,1.0,53.0,0,0,0,0,0,0,1,1,0,0,0,0,0,0,0,0,0,2,0,1,0,1,0,0,0.3333333333333333,0,0,0,0,0,0,0,0,0,0,1,0,0,0,0,0,0,0,0,0,0,0,0
116,398593.0,15000000.0,124.0,1,0.0,0.0,28.0,10.0,92.0,92.0,6.7,10.0,29.0,1.0,15.0,99.0,0,0,0,0,1,0,0,0,0,1,1,0,0,0,0,1,0,4,0,1,0,3,0,0,0.0,0,0,1,0,0,0,0,1,0,0,0,0,0,0,0,0,0,0,1,0,0,0,0
1382,30801.0,26000000.0,91.0,1,0.0,0.0,5.0,7.181,15.0,15.0,4.3,6.0,13.0,1.0,14.0,74.0,0,0,0,0,1,0,0,1,0,0,0,0,0,0,0,0,0,2,0,1,0,3,0,0,0.0,0,0,1,0,0,0,1,0,0,0,0,0,0,0,1,0,0,0,0,0,0,0,0
1904,682504.0,85000000.0,146.0,1,0.0,0.0,25.0,8.5,10.0,10.0,6.8,7.296,5.0,2.0,7.0,28.0,1,0,0,0,1,0,0,0,1,0,0,0,0,0,0,1,0,3,0,1,0,1,0,0,0.2,0,0,0,0,0,0,0,0,1,0,0,0,0,0,0,0,0,0,0,0,1,0,0
4379,24000000.0,43000000.0,101.0,1,0.0,0.0,17.0,10.0,0.0,0.0,0.0,0.0,8.0,1.0,2.0,35.0,0,0,0,0,0,0,0,1,0,0,0,0,0,0,0,1,0,2,0,1,0,2,0,0,0.25,0,0,1,0,0,0,1,0,0,0,0,0,0,1,0,0,0,0,0,0,0,1,0
787,50342878.0,110000000.0,119.0,1,0.0,0.0,31.0,8.439,1.0,1.0,5.0,5.0,37.0,1.0,22.0,327.0,0,0,0,0,1,0,1,1,0,1,0,0,0,0,0,0,0,4,0,1,0,2,0,0,0.0,0,0,1,0,0,0,1,0,0,0,0,0,0,0,1,0,0,0,0,0,0,0,0
10773,55344.0,26000000.0,103.0,1,0.0,0.0,41.0,10.0,4.0,8.0,6.35,6.8,13.0,4.0,2.0,43.0,0,0,0,0,1,0,0,1,0,0,0,0,0,0,0,0,0,2,0,1,0,1,1,1,1.0,0,0,1,0,0,0,0,1,0,0,0,0,0,0,0,0,0,1,0,0,0,0,0
612,4152260.0,70000000.0,164.0,1,0.0,0.0,32.0,10.0,9.5,19.0,5.7,8.5,35.0,3.0,42.0,236.0,0,0,0,0,1,0,1,0,1,1,0,0,0,0,0,0,0,4,0,1,0,2,0,0,0.16666666666666666,0,0,0,0,0,0,0,0,1,0,0,0,0,0,0,0,0,0,0,0,1,0,0
14278,57286.0,300000.0,88.0,1,0.0,0.0,0.0,0.0,0.0,0.0,0.0,0.0,13.0,1.0,11.0,6.0,0,0,0,0,0,0,0,0,0,0,0,1,0,0,0,0,0,1,0,1,0,1,1,1,1.0,0,0,0,0,0,0,1,0,0,0,0,0,0,0,0,1,0,0,0,0,0,1,1
11648,12855321.0,30000000.0,98.0,1,0.0,0.0,42.0,10.0,10.0,10.0,6.3,10.0,8.0,2.0,1.0,21.0,1,0,0,0,0,0,0,1,0,0,0,0,0,0,0,1,0,2,0,1,0,1,0,0,0.3333333333333333,0,0,0,0,0,0,1,0,0,0,0,0,0,0,0,1,0,0,0,0,0,0,0
9701,6422455.0,35000000.0,126.0,1,0.0,0.0,43.0,10.0,4.0,4.0,0.0,5.9,9.0,3.0,5.0,35.0,0,0,0,0,1,0,0,0,0,0,0,0,0,0,0,0,0,1,0,1,0,1,0,0,0.0,0,0,0,0,0,0,0,0,0,0,1,0,0,0,0,0,0,0,0,0,0,0,0
257,68447.0,50000000.0,130.0,1,0.0,0.0,23.0,9.2,86.0,172.0,5.6,10.0,6.0,2.0,1.0,21.0,1,0,0,0,1,0,0,0,0,0,1,0,0,0,0,0,1,3,0,1,0,4,0,0,0.0,0,0,1,0,0,0,0,1,0,0,0,0,0,0,0,0,0,1,0,0,0,0,0
67,48023.0,2000000.0,90.0,1,0.0,0.0,11.0,7.2,4.0,12.0,6.25,8.0,10.0,3.0,2.0,19.0,0,0,0,0,1,0,0,0,0,1,1,0,0,0,0,0,0,3,0,0,0,4,0,0,0.0,0,0,1,0,1,0,0,1,0,0,0,0,0,0,0,0,0,1,0,0,0,0,0
13682,5805559.0,20000000.0,68.0,1,0.0,0.0,71.0,10.0,6.0,39.0,6.7,8.0,13.0,3.0,3.0,27.0,0,0,1,1,0,0,0,1,0,0,0,0,0,0,0,0,1,4,0,1,0,1,0,0,0.5,0,0,0,0,0,0,0,0,0,0,1,0,0,0,0,0,0,0,0,0,0,0,0
4348,2804000.0,28000000.0,127.0,1,0.0,0.0,22.0,8.7,8.0,16.0,6.7,10.0,9.0,2.0,14.0,57.0,1,0,0,0,1,0,0,0,0,0,0,0,0,0,0,1,0,2,0,0,0,1,0,0,0.0,0,0,1,0,0,0,0,1,0,0,0,0,0,0,0,0,0,1,0,0,0,0,0
2313,6220935.0,22000000.0,102.0,1,0.0,0.0,17.0,10.0,2.0,2.0,6.716,6.716,8.0,1.0,1.0,20.0,0,0,0,0,1,0,0,1,0,0,0,0,0,0,0,1,0,3,0,1,0,1,0,0,0.25,0,0,0,0,0,0,0,1,0,0,0,0,0,0,0,0,0,1,0,0,0,0,0
9777,193840.0,20000000.0,101.0,1,0.0,0.0,21.0,10.0,4.5,9.0,5.6,6.2,12.0,3.0,12.0,43.0,0,0,0,0,1,0,0,0,0,0,0,0,0,1,0,0,0,2,0,1,0,3,0,0,0.0,0,0,1,0,0,0,0,1,0,0,0,0,0,0,0,0,0,1,0,0,0,0,0
6439,13920052.0,30000000.0,102.0,1,0.0,0.0,13.0,9.0,2.0,5.0,6.8,7.396,15.0,5.0,3.0,65.0,0,0,0,0,0,0,0,1,0,0,0,0,0,0,0,0,1,2,0,1,0,1,0,0,0.3333333333333333,0,0,0,0,0,0,0,0,0,1,0,0,0,0,0,0,0,0,0,0,0,0,0
7233,5033848.0,45000000.0,86.0,1,0.0,0.0,23.0,8.7,8.0,17.0,5.933,6.6,10.0,5.0,1.0,23.0,0,0,0,0,0,0,0,1,0,0,0,0,0,0,0,0,1,2,0,1,0,1,0,0,0.3333333333333333,0,0,0,0,0,0,1,0,0,0,0,0,0,0,0,1,0,0,0,0,0,0,0
11460,16167662.0,26000000.0,85.0,1,0.0,0.0,27.5,8.7,0.0,0.0,0.0,0.0,8.0,3.0,9.0,69.0,0,0,0,0,0,0,0,0,0,1,0,0,0,1,0,0,0,2,0,1,0,1,0,0,0.0,0,0,0,0,0,0,1,0,0,0,0,0,0,0,0,0,1,0,0,0,0,1,0
1833,10016021.0,40000000.0,135.0,1,0.0,0.0,7.0,10.0,3.0,6.0,0.0,0.0,16.0,4.0,8.0,41.0,0,0,0,0,1,0,0,0,0,0,0,0,0,0,0,1,0,2,0,1,0,1,0,0,0.3333333333333333,0,0,0,0,0,0,0,0,1,0,0,0,0,0,0,0,0,0,0,1,0,0,0
2287,1574787.0,26000000.0,86.0,1,0.0,0.0,0.0,0.0,0.0,0.0,0.0,0.0,2.0,2.0,2.0,8.0,0,0,0,0,0,0,0,0,0,0,0,1,0,0,0,0,0,1,0,1,0,1,0,0,0.0,0,0,0,0,0,0,0,0,0,1,0,0,0,0,0,0,0,0,0,0,0,1,0
9928,36045301.0,75000000.0,90.0,1,0.0,0.0,44.0,10.0,2.0,53.0,6.0,7.2,16.0,7.0,22.0,91.0,0,0,0,1,0,0,0,1,0,0,0,0,1,0,0,0,1,4,0,1,0,1,0,0,0.3333333333333333,0,0,0,0,0,1,0,0,0,0,0,1,0,0,0,0,0,0,0,0,0,0,0
14544,7570366.0,26000000.0,112.0,1,0.0,0.0,4.0,8.8,1.0,1.0,6.324,6.324,4.0,1.0,1.0,10.0,0,0,0,0,1,0,0,1,0,0,0,0,0,0,0,0,1,3,0,1,0,1,0,0,0.0,0,0,0,0,0,0,0,1,0,0,0,0,0,0,0,0,0,1,0,0,0,0,0
2800,3473155.0,70000000.0,97.0,1,0.0,0.0,54.0,10.0,5.0,5.0,7.002,7.445,18.0,1.0,19.0,97.0,0,0,0,0,0,0,0,1,0,0,0,0,0,0,0,1,0,2,0,1,0,2,0,0,0.2,0,0,1,0,0,0,0,0,1,0,0,0,0,0,0,0,0,0,0,0,1,0,0
7364,18068372.0,130000000.0,124.0,1,0.0,0.0,30.0,10.0,1.0,21.0,6.643,9.0,100.0,5.0,34.0,437.0,1,1,0,0,1,0,1,1,0,0,0,0,0,1,0,0,0,5,0,1,0,5,0,0,0.0,0,0,1,0,1,1,0,0,0,0,0,0,1,0,0,0,0,0,0,0,0,0,0
215,31725652.0,4000000.0,93.0,2,392.0,7.421,24.0,8.459,7.0,22.0,7.007,7.421,24.0,4.0,16.0,130.0,0,0,0,0,0,1,0,0,0,0,0,0,0,0,0,0,0,1,0,1,1,1,0,0,0.0,0,0,0,0,0,0,0,1,0,0,0,0,0,0,0,0,0,0,1,0,0,0,0
16320,10086680.0,39000000.0,119.0,1,0.0,0.0,6.0,8.2,12.0,12.0,6.38,7.971,24.0,2.0,33.0,245.0,0,1,0,0,0,0,1,0,0,1,0,0,1,0,0,0,0,4,0,1,0,1,0,0,0.5,0,0,0,0,0,0,0,1,0,0,0,0,0,0,0,0,0,1,0,0,0,0,0
2610,229685.0,10284523.0,104.0,1,0.0,0.0,22.0,10.0,52.0,52.0,6.351,9.0,16.0,2.0,9.0,105.0,1,0,0,0,1,0,0,1,0,0,0,0,0,0,0,1,0,3,0,1,0,1,0,0,0.0,0,0,0,0,0,0,0,1,0,0,0,0,0,0,0,0,0,0,1,0,0,0,0
187,28100000.0,40000000.0,124.0,1,0.0,0.0,50.0,10.0,51.0,102.0,5.8,8.0,26.0,3.0,20.0,172.0,0,0,0,0,0,0,1,0,0,1,1,0,0,0,0,0,0,3,0,1,0,1,0,0,0.0,0,0,0,0,0,1,0,0,0,0,0,0,1,0,0,0,0,0,0,0,0,0,0
11459,14631784.0,35000000.0,100.0,1,0.0,0.0,16.0,10.0,9.0,18.0,6.8,6.95,4.0,3.0,14.0,77.0,0,1,0,0,0,0,0,1,0,0,0,0,0,0,0,0,1,3,0,1,0,1,0,0,0.3333333333333333,0,0,0,0,0,0,1,0,0,0,0,0,0,0,0,1,0,0,0,0,0,0,0
10214,7700000.0,84000000.0,94.0,2,3850.0,6.96,27.0,9.5,0.0,0.0,0.0,0.0,16.0,2.0,30.0,122.0,0,1,1,0,0,0,0,1,0,0,0,0,0,0,0,0,1,4,0,1,1,2,0,0,0.25,0,0,1,0,0,0,0,0,0,0,1,0,0,0,0,0,0,0,0,0,0,1,0
1895,108435841.0,113000000.0,140.0,6,1098.0,6.567,27.0,10.0,123.0,123.0,6.132,8.4,14.0,1.0,30.0,160.0,0,1,0,0,0,0,1,0,0,0,0,0,1,0,0,0,0,3,0,1,1,1,0,0,0.0,0,0,0,0,0,0,1,0,0,0,0,0,0,1,0,0,0,0,0,0,0,0,0
8066,2188199.0,50000000.0,99.0,1,0.0,0.0,21.0,9.0,3.0,3.0,7.3,7.3,10.0,1.0,4.0,65.0,0,0,0,0,1,0,0,0,0,1,0,0,0,1,0,0,0,3,0,1,0,2,0,0,0.25,0,0,1,0,0,0,0,1,0,0,0,0,0,0,0,0,0,1,0,0,0,0,0
10048,13251545.0,135000000.0,121.0,1,0.0,0.0,25.0,10.0,19.0,19.0,6.0,7.2,30.0,1.0,19.0,171.0,0,0,0,0,0,0,0,0,0,0,0,0,1,0,0,0,0,1,0,1,0,1,0,0,0.0,0,0,0,0,0,0,1,0,0,0,0,0,0,0,0,1,0,0,0,0,0,0,0
17186,1330520.0,16000000.0,80.0,1,0.0,0.0,3.5,7.585,11.5,23.0,5.2,6.2,5.0,3.0,1.0,21.0,0,1,0,0,1,0,1,0,0,0,0,0,0,0,0,1,0,4,0,1,0,1,0,0,0.5,0,0,0,0,0,0,1,0,0,0,0,0,0,0,0,0,1,0,0,0,0,0,0
231,374502.0,50000000.0,128.0,1,0.0,0.0,37.0,8.2,7.0,7.0,5.217,7.1,15.0,2.0,9.0,55.0,0,0,0,0,1,0,0,0,0,1,0,0,0,0,0,0,0,2,0,1,0,1,0,0,0.16666666666666666,0,0,0,0,0,0,0,0,1,0,0,0,0,0,0,0,0,0,0,1,0,0,0
10065,23507007.0,19000000.0,90.0,9,3116.0,4.449,9.0,7.8,10.0,75.0,5.7,7.7,31.0,3.0,16.0,146.0,1,0,0,0,0,1,0,0,0,0,0,0,0,0,0,0,0,1,0,1,1,1,0,0,0.0,0,0,0,0,0,1,0,0,0,0,0,0,1,0,0,0,0,0,0,0,0,0,0
15258,243796.0,26000000.0,89.0,1,0.0,0.0,36.0,10.0,0.0,0.0,0.0,0.0,7.0,2.0,1.0,13.0,0,0,0,0,0,0,0,1,0,0,0,1,0,0,0,0,0,2,0,1,0,1,0,0,0.0,0,0,0,0,0,0,1,0,0,0,0,0,0,0,0,1,0,0,0,0,0,1,1
4442,15093000.0,88000000.0,118.0,1,0.0,0.0,38.0,8.2,12.0,52.0,6.6115,7.8,29.0,3.0,21.0,168.0,0,1,1,0,0,0,1,1,0,1,0,0,0,0,0,0,0,5,0,1,0,2,0,0,0.0,0,0,1,0,0,0,1,0,0,0,0,0,0,0,0,0,1,0,0,0,0,0,0
9042,6147294.0,30000000.0,97.0,1,0.0,0.0,18.0,8.2,3.5,7.0,5.7,6.6,31.0,3.0,21.0,163.0,0,1,0,0,0,1,1,0,0,1,0,0,0,0,0,0,0,4,0,1,0,4,0,0,0.0,0,0,1,0,0,0,1,0,0,0,0,0,0,0,0,0,1,0,0,0,0,0,1
411,65556312.0,180000000.0,143.0,1,0.0,0.0,5.0,10.0,3.0,18.0,6.45,7.743,25.0,5.0,21.0,188.0,1,1,1,0,0,0,0,0,0,0,0,0,0,0,0,0,1,3,0,1,0,2,0,0,0.3333333333333333,0,0,1,0,0,0,0,0,1,0,0,0,0,0,0,0,0,0,0,0,1,0,0
1985,8577000.0,25000000.0,129.0,1,0.0,0.0,26.0,10.0,7.0,14.0,5.7645,7.4,41.0,2.0,18.0,200.0,1,0,0,0,1,0,0,0,0,1,0,0,0,1,0,0,0,3,0,0,0,4,0,0,0.0,0,0,1,1,0,0,1,0,0,0,0,0,0,0,0,0,1,0,0,0,0,0,0
1696,7067335.0,7000000.0,111.0,2,833.0,6.198,36.0,8.413,4.0,4.0,6.198,6.4,9.0,1.0,9.0,52.0,0,0,0,0,1,1,0,0,0,0,1,0,0,0,0,0,0,3,0,1,1,2,0,0,0.0,0,0,1,0,0,0,1,0,0,0,0,0,0,0,0,1,0,0,0,0,0,0,0
6519,30675314.0,50000000.0,104.0,1,0.0,0.0,29.0,10.0,7.5,15.0,5.8,6.6,27.0,4.0,24.0,167.0,0,1,0,0,0,0,1,1,0,0,0,0,0,0,0,0,0,3,0,1,0,1,0,0,0.25,0,0,0,0,0,0,1,0,0,0,0,0,0,0,0,0,1,0,0,0,0,0,0
8643,30054300.0,19000000.0,122.0,1,0.0,0.0,36.0,10.0,2.0,17.0,0.0,6.4,30.0,3.0,22.0,148.0,0,0,0,0,1,1,0,0,0,1,1,0,0,0,0,0,0,4,0,1,0,1,0,0,0.0,0,0,0,0,0,0,0,1,0,0,0,0,0,0,0,0,0,1,0,0,0,0,0
9043,12521027.0,19000000.0,103.0,1,0.0,0.0,37.0,10.0,2.0,2.0,6.3,6.3,38.0,1.0,42.0,256.0,0,0,0,0,1,0,0,1,0,0,0,0,0,0,0,1,0,3,0,1,0,1,0,0,0.0,0,0,0,0,0,0,0,0,1,0,0,0,0,0,0,0,0,0,0,0,1,0,0
791,11752917.0,18000000.0,100.0,1,0.0,0.0,6.0,10.0,50.0,138.0,5.9,8.1,10.0,3.0,1.0,57.0,0,0,0,0,1,1,0,0,0,1,0,0,0,1,0,0,0,4,1,1,0,3,0,0,0.25,0,0,1,0,0,0,0,1,0,0,0,0,0,0,0,0,0,0,1,0,0,0,0
25517,7523571.0,4000000.0,105.0,1,0.0,0.0,6.0,10.0,6.0,6.0,4.5,6.0,13.0,1.0,11.0,3.0,0,0,0,0,1,0,0,0,0,0,0,0,0,0,1,0,0,2,0,1,0,0,0,0,0.0,0,0,0,0,0,0,0,1,0,0,0,0,0,0,0,0,0,0,1,0,0,0,0
15487,3657322.0,26000000.0,120.0,1,0.0,0.0,29.0,8.1,34.0,34.0,5.2,8.442,6.0,2.0,1.0,15.0,1,0,0,0,1,0,0,0,0,0,0,0,0,0,0,0,0,1,1,1,0,2,0,0,1.0,0,0,0,0,0,0,0,1,0,0,0,0,0,0,0,0,0,1,0,0,0,0,0
7453,21103203.0,50000000.0,109.0,1,0.0,0.0,18.0,8.506,18.0,36.0,6.0,8.8,29.0,3.0,18.0,156.0,1,1,0,0,0,0,0,1,0,0,0,0,1,0,0,0,0,3,0,1,0,2,0,0,0.0,0,0,1,0,0,1,0,0,0,0,0,0,1,0,0,0,0,0,0,0,0,0,0
21295,5538835.0,25000000.0,90.0,1,0.0,0.0,17.0,8.7,8.0,26.0,5.7,7.3,5.0,4.0,1.0,15.0,0,0,0,0,0,0,0,1,0,0,0,0,0,0,0,0,0,1,0,1,0,1,0,0,1.0,0,0,0,0,0,0,1,0,0,0,0,0,0,0,1,0,0,0,0,0,0,0,0
9005,3744000.0,26000000.0,88.0,1,0.0,0.0,52.0,10.0,4.0,33.0,6.1,7.6,10.0,3.0,10.0,37.0,1,0,0,0,0,0,0,1,0,0,1,0,0,0,0,0,0,2,0,1,0,1,0,0,0.0,0,0,0,0,0,0,0,0,1,0,0,0,0,0,0,0,0,0,0,1,0,0,0
179,22822455.0,80000000.0,128.0,1,0.0,0.0,47.0,10.0,6.0,37.0,6.47,10.0,35.0,5.0,26.0,167.0,0,0,0,0,0,0,0,0,0,1,1,0,0,0,0,0,0,2,0,1,0,4,0,0,0.14285714285714285,0,0,1,0,0,1,0,0,0,0,0,0,1,0,0,0,0,0,0,0,0,0,0
1635,12409070.0,126000000.0,136.0,1,0.0,0.0,42.0,10.0,2.0,2.0,6.4,6.4,70.0,4.0,70.0,573.0,0,1,0,0,0,0,1,0,0,1,0,0,1,0,0,0,0,4,0,1,0,1,0,0,0.25,0,0,0,0,0,0,1,0,0,0,0,0,0,0,0,1,0,0,0,0,0,0,0
9667,2723682.0,29000000.0,103.0,1,0.0,0.0,31.0,10.0,7.0,14.0,5.861,7.167,26.0,3.0,14.0,78.0,0,0,1,0,1,0,0,0,0,1,0,0,1,1,0,0,0,5,0,1,0,2,0,0,0.0,0,0,1,0,0,1,0,0,0,0,0,1,0,0,0,0,0,0,0,0,0,0,0
1656,16328506.0,75000000.0,129.0,2,2657.0,6.574,26.0,10.0,15.0,64.0,6.162,7.8,7.0,7.0,10.0,71.0,0,1,0,0,0,0,1,0,0,0,0,0,0,0,0,0,0,3,0,1,1,1,0,0,0.3333333333333333,0,0,0,0,0,0,0,1,0,0,0,0,0,0,0,0,0,0,1,0,0,0,0
9291,47606480.0,82000000.0,113.0,1,0.0,0.0,54.0,10.0,32.0,32.0,5.4,9.3,36.0,2.0,23.0,163.0,0,0,0,0,1,0,0,1,0,0,0,0,0,0,0,0,0,2,0,1,0,1,0,0,0.4,0,0,0,0,0,0,1,0,0,0,0,0,0,1,0,0,0,0,0,0,0,0,0
9074,4025000.0,33000000.0,83.0,1,0.0,0.0,56.0,10.0,4.0,23.0,4.7,6.5,6.0,3.0,1.0,21.0,0,0,0,0,0,0,1,1,0,0,1,0,0,0,0,0,0,3,0,1,0,4,0,0,0.5,0,0,1,0,0,0,0,1,0,0,0,0,0,0,0,0,0,1,0,0,0,0,0
9515,69100.0,10000000.0,97.0,1,0.0,0.0,20.0,9.0,18.0,18.0,5.9,7.2,49.0,1.0,31.0,252.0,0,0,0,0,1,0,1,1,0,1,1,0,0,0,0,0,0,5,0,1,0,3,0,0,0.0,1,0,1,0,0,0,1,0,0,0,0,0,0,1,0,0,0,0,0,0,0,0,0
10022,30552694.0,56000000.0,95.0,1,0.0,0.0,9.5,8.2,2.0,4.0,5.591,7.0,21.0,2.0,28.0,173.0,0,0,0,0,0,0,1,1,0,0,0,0,0,0,0,0,1,3,0,1,0,1,0,0,0.5,0,0,0,0,0,1,0,0,0,0,0,1,0,0,0,0,0,0,0,0,0,0,0
15648,5300980.0,26000000.0,100.0,1,0.0,0.0,15.0,10.0,5.0,5.0,6.259,7.0,7.0,1.0,1.0,16.0,0,0,0,0,1,0,0,1,0,0,0,0,0,0,0,1,1,4,0,1,0,1,0,0,0.5,0,0,0,0,0,0,1,0,0,0,0,0,0,0,1,0,0,0,0,0,0,0,0
9899,154590.0,45000000.0,135.0,1,0.0,0.0,40.0,10.0,32.5,65.0,6.5,8.035,11.0,2.0,29.0,102.0,0,0,0,0,0,0,0,1,0,0,0,0,0,0,0,0,0,1,0,1,0,1,0,0,0.6666666666666666,0,0,0,0,0,0,0,0,1,0,0,0,0,0,0,0,0,0,0,0,1,0,0
10320,35065237.0,50000000.0,110.0,2,874.0,6.7,29.0,10.0,9.0,18.0,5.8945,7.1,30.0,2.0,21.0,161.0,1,0,0,0,1,1,0,0,0,1,0,0,0,0,0,0,0,3,0,1,1,1,0,0,0.0,0,0,0,0,0,1,0,0,0,0,0,1,0,0,0,0,0,0,0,0,0,0,0
9927,5158795.0,26000000.0,94.0,1,0.0,0.0,22.0,8.0,0.0,0.0,0.0,0.0,11.0,1.0,1.0,22.0,0,0,0,0,0,0,0,1,0,0,0,0,0,0,0,0,0,1,0,1,0,1,0,0,0.0,0,0,0,0,0,0,0,0,1,0,0,0,0,0,0,0,0,0,0,0,1,1,0
9779,9833340.0,25000000.0,119.0,1,0.0,0.0,6.0,10.0,8.5,17.0,6.1,7.6,9.0,3.0,1.0,30.0,1,0,0,0,1,0,0,1,0,0,0,0,0,0,0,1,0,3,0,1,0,1,0,0,0.0,0,0,0,0,0,0,1,0,0,0,0,0,0,0,1,0,0,0,0,0,0,0,0
9913,16057945.0,43000000.0,104.0,1,0.0,0.0,19.0,10.0,8.0,8.0,5.8945,7.0,31.0,1.0,18.0,157.0,0,0,0,0,1,1,0,0,0,1,0,0,0,1,0,0,0,4,0,1,0,2,0,0,0.16666666666666666,0,0,1,0,0,0,1,0,0,0,0,0,0,0,0,1,0,0,0,0,0,0,0
10707,129844.0,1500000.0,81.0,1,0.0,0.0,6.0,8.144,11.0,11.0,5.8,7.1,18.0,1.0,17.0,84.0,0,0,0,0,1,0,0,1,0,0,0,0,0,0,0,0,0,2,0,1,0,1,0,0,0.0,0,0,0,0,0,0,0,1,0,0,0,0,0,0,0,0,0,0,1,0,0,0,0
8053,23859.0,15000000.0,121.0,1,0.0,0.0,24.0,9.5,8.0,8.0,7.15,7.6,8.0,1.0,10.0,51.0,0,1,0,0,1,0,0,0,0,0,1,0,0,1,0,0,0,5,0,1,0,2,0,0,0.0,0,0,1,0,0,0,0,0,1,0,0,0,0,0,0,0,0,0,0,1,0,0,0
11354,211559.0,12000000.0,118.0,1,0.0,0.0,19.0,10.0,13.0,13.0,5.3,6.5,10.0,1.0,1.0,21.0,0,0,0,0,1,0,0,1,0,0,0,0,0,0,0,0,0,2,0,1,0,1,0,0,1.0,0,0,0,0,0,1,0,0,0,0,0,1,0,0,0,0,0,0,0,0,0,0,0
6963,4248465.0,20000000.0,101.0,1,0.0,0.0,22.0,10.0,1.0,1.0,6.3,6.3,56.0,1.0,35.0,216.0,0,0,0,0,1,0,0,1,0,0,0,0,0,0,0,0,0,2,0,1,0,2,0,0,0.25,0,0,1,0,0,0,0,1,0,0,0,0,0,0,0,0,0,0,1,0,0,0,0
6961,11129580.0,15000000.0,88.0,1,0.0,0.0,10.0,10.0,0.0,0.0,0.0,0.0,11.0,2.0,2.0,21.0,0,0,0,0,0,0,0,1,0,0,0,0,0,0,0,1,0,2,0,1,0,2,0,0,0.2,0,0,1,0,0,0,0,0,0,0,1,0,0,0,0,0,0,0,0,0,0,1,0
18840,46348.0,16000000.0,135.0,1,0.0,0.0,67.0,10.0,3.0,3.0,7.0,7.382,14.0,1.0,12.0,58.0,0,0,0,0,1,0,0,0,1,0,0,0,0,0,0,1,1,4,0,1,0,4,0,0,0.125,0,0,1,1,0,0,0,1,0,0,0,0,0,0,0,0,0,0,1,0,0,0,0
14631,518222.0,6500000.0,100.0,2,331.0,6.5,19.0,8.2,6.0,6.0,4.2,6.303,13.0,2.0,1.0,4.0,1,0,0,0,1,0,0,0,0,0,0,0,0,0,0,0,0,2,0,1,1,1,1,1,1.0,0,0,0,0,0,0,0,1,0,0,0,0,0,0,0,0,0,0,1,0,0,0,0
546,46908.0,1000000.0,103.0,1,0.0,0.0,27.0,10.0,3.0,3.0,5.1,5.1,20.0,1.0,15.0,99.0,0,1,0,0,1,0,0,1,0,0,0,0,0,0,0,0,0,3,0,1,0,1,0,0,0.0,0,0,0,0,0,0,0,0,0,0,1,0,0,0,0,0,0,0,0,0,0,0,0
9335,16540720.0,32000000.0,87.0,2,1036.0,6.7,23.0,10.0,92.0,184.0,6.4,8.307,13.0,4.0,11.0,109.0,0,0,0,0,0,0,1,0,0,1,1,0,0,0,0,0,0,3,0,0,1,2,0,0,0.16666666666666666,0,0,1,0,0,0,1,0,0,0,0,0,0,0,0,0,1,0,0,0,0,0,0
9910,8703240.0,35000000.0,122.0,1,0.0,0.0,45.0,10.0,3.0,3.0,5.3,5.4,11.0,1.0,1.0,27.0,0,0,0,0,1,0,0,1,0,1,1,0,0,0,0,0,0,4,0,1,0,1,0,0,0.5,0,0,0,0,0,0,0,1,0,0,0,0,0,0,0,0,0,0,1,0,0,0,0
19803,2646000.0,26000000.0,95.0,1,0.0,0.0,17.0,10.0,8.0,16.0,6.013999999999999,6.7,13.0,5.0,1.0,52.0,0,0,0,0,0,0,1,1,0,0,0,0,0,0,0,0,0,2,0,1,0,1,0,0,0.0,0,0,0,0,0,0,0,1,0,0,0,0,0,0,0,0,0,1,0,0,0,0,0
10027,10600000.0,45000000.0,103.0,1,0.0,0.0,42.0,10.0,72.0,72.0,6.4,8.307,8.0,1.0,2.0,53.0,0,0,0,0,0,0,1,0,0,0,1,0,0,0,0,0,0,2,0,0,0,4,0,0,0.0,0,0,1,1,0,0,0,0,0,0,1,0,0,0,0,0,0,0,0,0,0,0,0
14175,5914722.0,35000000.0,76.0,1,0.0,0.0,49.0,10.0,9.5,19.0,5.4,6.5,10.0,4.0,10.0,30.0,0,1,0,1,0,0,0,1,0,0,0,0,0,0,0,0,1,4,0,1,0,2,0,0,0.0,0,0,1,0,0,1,0,0,0,0,0,1,0,0,0,0,0,0,0,0,0,0,1
7553,6021106.0,3000000.0,94.0,1,0.0,0.0,20.0,10.0,0.0,0.0,0.0,0.0,3.0,1.0,1.0,14.0,0,0,0,0,0,0,0,1,0,0,0,0,0,0,0,1,0,2,0,1,0,1,0,0,0.0,0,0,0,0,0,0,0,1,0,0,0,0,0,0,0,0,0,0,1,0,0,1,1
69,22347341.0,28000000.0,136.0,1,0.0,0.0,22.0,9.0,11.0,31.0,6.0,9.5,12.0,3.0,11.0,66.0,0,0,0,0,1,0,0,0,0,0,0,0,0,0,1,1,0,3,0,1,0,2,0,0,0.0,0,0,1,0,0,0,0,1,0,0,0,0,0,0,0,0,0,1,0,0,0,0,0
533,16025987.0,30000000.0,85.0,1,0.0,0.0,27.0,10.0,5.0,114.0,6.8,8.0,16.0,6.0,38.0,243.0,0,1,0,1,0,0,0,1,0,0,0,0,0,0,0,0,1,4,0,1,0,2,0,0,0.0,0,0,1,0,0,0,0,1,0,0,0,0,0,0,0,0,0,1,0,0,0,0,0
74,64878725.0,132000000.0,117.0,1,0.0,0.0,28.0,10.0,27.0,78.0,6.2,10.0,35.0,3.0,41.0,270.0,1,1,0,0,0,0,0,0,0,1,0,0,1,0,0,0,0,3,0,1,0,1,0,0,0.25,0,0,0,0,0,0,1,0,0,0,0,0,0,0,1,0,0,0,0,0,0,0,0
9522,32200000.0,40000000.0,119.0,1,0.0,0.0,29.0,10.0,2.0,4.0,10.0,10.0,28.0,2.0,21.0,142.0,0,0,0,0,0,0,0,1,0,0,0,0,0,0,0,1,0,2,0,1,0,1,0,0,0.3333333333333333,0,0,0,0,0,0,1,0,0,0,0,0,0,0,0,1,0,0,0,0,0,0,0
11804,24113565.0,10000000.0,101.0,1,0.0,0.0,29.0,9.0,3.0,3.0,4.7,6.0,21.0,1.0,22.0,131.0,0,0,0,0,1,1,0,0,0,1,0,0,0,0,0,0,0,3,1,1,0,3,0,0,0.1111111111111111,0,0,1,0,0,0,0,0,0,1,0,0,0,0,0,0,0,0,0,0,0,0,0
9885,2805754.0,1000000.0,104.0,1,0.0,0.0,8.0,8.0,4.5,9.0,5.0,6.3,5.0,2.0,10.0,36.0,0,0,0,0,0,1,0,0,0,1,0,0,0,0,0,0,0,2,0,1,0,2,0,0,0.0,0,1,0,0,0,0,0,1,0,0,0,0,0,0,0,0,0,1,0,0,0,0,1
11679,12712272.0,60000000.0,101.0,2,992.0,5.9,37.0,10.0,7.0,7.0,5.1,6.126,31.0,2.0,25.0,263.0,0,1,0,0,0,0,1,0,0,1,1,0,0,1,0,0,0,5,0,1,1,1,0,0,0.3333333333333333,0,0,0,0,0,1,0,0,0,0,0,0,1,0,0,0,0,0,0,0,0,0,0
13499,17461108.0,45000000.0,90.0,1,0.0,0.0,5.0,7.4,1.0,2.0,5.638,5.638,2.0,2.0,1.0,16.0,0,0,0,0,0,0,0,1,0,0,0,0,0,0,0,1,1,3,0,1,0,1,0,0,0.4,0,0,0,0,0,0,0,0,1,0,0,0,0,0,0,0,0,0,0,1,0,0,0
6795,13427872.0,65000000.0,101.0,1,0.0,0.0,8.0,10.0,4.0,34.0,6.6,7.952,29.0,3.0,21.0,182.0,0,1,0,0,0,0,0,0,0,0,0,0,1,0,0,0,1,3,0,1,0,1,0,0,0.25,0,0,0,0,0,0,0,0,1,0,0,0,0,0,0,0,0,0,0,1,0,0,0
2207,11855260.0,55000000.0,105.0,1,0.0,0.0,24.0,10.0,18.0,18.0,5.9,10.0,47.0,2.0,22.0,179.0,0,1,0,0,0,0,1,0,0,1,1,0,0,0,0,0,0,4,0,1,0,2,0,0,0.0,0,0,1,0,0,1,0,0,0,0,0,1,0,0,0,0,0,0,0,0,0,0,0
9726,3721526.0,35000000.0,117.0,1,0.0,0.0,32.0,8.7,3.5,7.0,4.7,7.0,10.0,2.0,24.0,65.0,1,0,0,0,1,0,0,1,0,0,0,0,0,0,0,1,0,3,0,1,0,2,0,0,0.0,0,0,1,0,0,0,0,1,0,0,0,0,0,0,0,0,0,1,0,0,0,0,0
9526,4566293.0,10000000.0,105.0,1,0.0,0.0,49.0,10.0,2.0,2.0,6.0,6.0,14.0,3.0,6.0,42.0,0,0,0,0,1,0,0,1,0,0,0,0,0,0,1,0,0,3,0,1,0,1,0,0,0.0,0,0,0,0,0,0,1,0,0,0,0,0,0,0,1,0,0,0,0,0,0,0,0
3509,391672.0,8700000.0,100.0,1,0.0,0.0,50.0,10.0,23.0,46.0,6.7,8.2,21.0,2.0,17.0,84.0,1,0,0,1,0,0,0,0,0,1,0,0,1,0,0,0,0,3,0,1,0,1,0,0,0.0,0,0,0,0,0,0,1,0,0,0,0,0,0,0,0,1,0,0,0,0,0,0,0
9788,10023835.0,23000000.0,93.0,1,0.0,0.0,3.0,7.063,1.0,8.0,5.2875,6.186,6.0,4.0,10.0,50.0,0,0,0,0,0,0,0,1,0,0,0,0,0,0,0,0,0,1,0,1,0,2,0,0,0.5,0,1,0,0,0,0,1,0,0,0,0,0,0,0,0,0,1,0,0,0,0,0,0
13751,6011585.0,8000000.0,112.0,1,0.0,0.0,35.0,8.277,4.0,4.0,5.3,5.3,11.0,1.0,19.0,70.0,0,0,0,0,1,0,0,0,0,0,0,0,0,0,0,0,0,1,0,1,0,1,0,0,0.0,0,0,0,0,0,1,0,0,0,0,0,0,1,0,0,0,0,0,0,0,0,0,0
1717,3672366.0,55000000.0,125.0,1,0.0,0.0,31.0,10.0,10.5,21.0,6.4,8.565,12.0,2.0,1.0,39.0,1,0,0,0,1,0,0,0,0,1,0,0,0,0,0,0,0,2,0,1,0,2,0,0,0.2,0,0,1,0,0,0,0,1,0,0,0,0,0,0,0,0,0,1,0,0,0,0,0
15163,4305000.0,26000000.0,117.0,1,0.0,0.0,32.0,8.7,2.0,2.0,5.9405,6.881,14.0,1.0,9.0,44.0,0,0,0,0,1,0,0,0,0,0,0,0,0,0,0,0,0,1,0,1,0,2,0,0,0.0,0,0,1,0,0,0,0,1,0,0,0,0,0,0,0,0,0,1,0,0,0,0,0
9310,3667420.0,17000000.0,107.0,1,0.0,0.0,43.0,10.0,11.0,11.0,6.162,6.674,7.0,1.0,9.0,42.0,0,0,0,0,1,0,0,1,0,0,0,0,0,0,0,0,0,2,0,1,0,1,0,0,0.5,0,0,0,0,0,1,0,0,0,0,0,1,0,0,0,0,0,0,0,0,0,0,0
1781,281330.0,1000000.0,100.0,1,0.0,0.0,43.0,10.0,7.5,15.0,5.8,7.503,5.0,2.0,5.0,26.0,0,0,0,0,0,0,0,0,0,0,0,1,0,0,0,0,0,1,0,1,0,1,0,0,0.0,0,0,0,0,0,0,1,0,0,0,0,0,0,1,0,0,0,0,0,0,0,0,0
13275,7681171.0,26000000.0,108.0,1,0.0,0.0,13.0,7.957,1.0,1.0,6.322,6.322,4.0,1.0,1.0,14.0,0,0,0,0,1,0,1,0,0,0,0,0,0,0,0,0,0,2,0,1,0,1,0,0,0.0,0,0,0,0,0,0,0,0,0,1,0,0,0,0,0,0,0,0,0,0,0,0,0
1579,15005604.0,40000000.0,139.0,1,0.0,0.0,6.5,8.0,15.0,15.0,6.5,7.941,36.0,2.0,43.0,467.0,0,0,0,0,1,0,1,0,1,0,0,0,0,0,0,0,0,3,0,1,0,2,0,0,0.0,0,0,1,0,0,0,0,0,1,0,0,0,0,0,0,0,0,0,0,0,1,0,0
14191,7482669.0,12000000.0,104.0,1,0.0,0.0,5.0,8.1,5.0,10.0,6.15,8.0,2.0,3.0,1.0,17.0,1,0,1,0,0,0,0,1,0,0,0,0,0,0,0,1,1,4,0,1,0,2,0,0,0.0,0,1,0,0,0,1,0,0,0,0,0,1,0,0,0,0,0,0,0,0,0,0,0
9786,135733.0,26000000.0,102.0,1,0.0,0.0,23.0,8.3,2.0,2.0,7.078,7.078,7.0,1.0,4.0,23.0,0,0,0,0,1,0,0,1,0,0,0,0,0,0,0,0,0,2,0,1,0,1,0,0,0.0,0,0,0,0,0,0,1,0,0,0,0,0,0,1,0,0,0,0,0,0,0,0,0
13960,11554404.0,20000000.0,105.0,1,0.0,0.0,1.5,5.5,2.5,5.0,6.9,6.9,2.0,3.0,1.0,9.0,0,0,0,0,1,0,0,1,0,0,0,0,0,1,0,0,0,3,0,1,0,1,0,0,1.0,0,0,0,0,0,1,0,0,0,0,0,1,0,0,0,0,0,0,0,0,0,0,0
1164,389351.0,25000000.0,143.0,1,0.0,0.0,37.0,10.0,21.5,43.0,6.9,7.758,10.0,3.0,4.0,37.0,0,0,0,0,1,0,0,0,0,0,0,0,0,0,0,0,0,1,0,1,0,3,0,0,0.0,1,0,1,0,0,0,0,1,0,0,0,0,0,0,0,0,0,0,1,0,0,0,0
9907,15820864.0,51000000.0,90.0,1,0.0,0.0,28.0,10.0,45.0,45.0,6.2,10.0,16.0,1.0,23.0,79.0,0,0,0,1,0,0,0,1,0,0,0,0,0,0,0,0,1,3,0,1,0,2,0,0,0.2,0,0,1,0,0,0,1,0,0,0,0,0,0,0,0,0,1,0,0,0,0,0,0
3093,3201420.0,70000000.0,114.0,2,5122.0,6.9,55.5,10.0,10.0,35.0,6.3,7.088,30.0,3.0,19.0,132.0,0,0,0,0,0,0,0,0,0,1,1,0,0,1,0,0,0,3,0,1,1,4,0,0,0.0,0,0,1,0,0,1,0,0,0,0,0,1,0,0,0,0,0,0,0,0,0,0,0
9988,7031228.0,17500000.0,110.0,1,0.0,0.0,6.0,9.5,5.0,31.0,5.5,6.6,33.0,5.0,19.0,229.0,0,0,0,0,0,0,0,1,0,0,0,0,0,0,0,0,0,1,0,1,0,1,0,0,0.2,0,0,0,0,0,0,1,0,0,0,0,0,0,0,0,0,1,0,0,0,0,0,0
12586,1328448.0,3300000.0,91.0,1,0.0,0.0,10.0,7.875,0.0,0.0,0.0,0.0,16.0,3.0,1.0,28.0,0,0,0,0,1,0,0,0,0,0,0,0,0,0,0,1,0,2,0,1,0,2,0,0,0.0,1,0,0,0,0,0,0,1,0,0,0,0,0,0,0,0,0,1,0,0,0,1,1
11565,27736056.0,40000000.0,99.0,2,2066.0,5.8,12.0,8.7,6.5,13.0,5.424,6.0,9.0,2.0,1.0,28.0,0,0,0,0,0,0,0,1,0,0,1,0,0,0,0,0,0,2,0,1,1,2,0,0,0.0,0,0,1,0,0,0,0,0,0,1,0,0,0,0,0,0,0,0,0,0,0,0,0
9656,3723364.0,9000000.0,92.0,1,0.0,0.0,13.0,9.0,7.5,15.0,6.129,6.9,15.0,2.0,13.0,76.0,0,0,0,0,0,1,0,0,0,0,0,0,0,1,0,0,0,2,1,1,0,2,0,0,0.0,0,0,0,0,0,0,0,0,1,0,0,0,0,0,0,0,0,0,0,0,1,0,0
7874,4143199.0,15000000.0,116.0,1,0.0,0.0,32.0,10.0,11.0,11.0,6.0,7.1,9.0,1.0,27.0,74.0,0,0,0,0,1,0,0,0,0,0,0,0,0,0,0,0,0,1,0,1,0,1,0,0,0.3333333333333333,0,0,0,0,0,0,0,0,1,0,0,0,0,0,0,0,0,0,0,0,1,0,0
1372,8648324.0,100000000.0,143.0,1,0.0,0.0,30.5,9.3,8.0,8.0,6.75,7.2,35.0,3.0,34.0,232.0,0,0,0,0,1,0,1,0,0,1,0,0,0,0,0,0,0,3,0,1,0,2,0,0,0.14285714285714285,0,0,1,0,0,0,0,0,1,0,0,0,0,0,0,0,0,0,0,0,1,0,0
10741,69039.0,26000000.0,120.0,1,0.0,0.0,71.0,10.0,9.0,9.0,5.8,7.2,10.0,1.0,4.0,22.0,0,0,0,0,1,0,0,0,0,0,0,0,0,0,0,0,0,1,0,1,0,1,0,0,0.0,0,0,0,0,0,0,0,1,0,0,0,0,0,0,0,0,0,1,0,0,0,0,0
920,60119509.0,120000000.0,117.0,1,0.0,0.0,31.0,8.6,1.5,177.0,6.9,8.259,14.0,16.0,47.0,314.0,0,1,0,1,0,0,0,1,0,0,0,0,0,0,0,0,1,4,0,1,0,1,0,0,1.0,0,0,0,0,0,0,1,0,0,0,0,0,0,0,1,0,0,0,0,0,0,0,0
36557,40833156.0,150000000.0,144.0,22,1458.0,5.985,32.0,10.0,10.5,55.0,6.393,8.6,42.0,4.0,48.0,353.0,1,1,0,0,0,0,1,0,0,1,0,0,0,0,0,0,0,3,0,0,1,2,0,0,0.2,0,0,1,0,0,0,0,0,1,0,0,0,0,0,0,0,0,0,0,1,0,0,0
1123,2012000.0,14000000.0,101.0,1,0.0,0.0,5.0,10.0,4.0,4.0,6.1,6.2,5.0,1.0,2.0,14.0,0,0,0,0,1,0,1,0,0,1,0,0,0,0,0,0,0,3,0,1,0,4,0,0,0.0,0,0,1,0,0,0,0,1,0,0,0,0,0,0,0,0,0,0,1,0,0,0,0
13668,7658898.0,25000000.0,111.0,1,0.0,0.0,22.0,10.0,5.0,5.0,6.924,7.42,8.0,1.0,11.0,37.0,0,0,0,0,1,0,0,1,0,0,0,0,0,0,0,1,0,3,0,1,0,1,0,0,0.5,0,0,0,0,0,0,0,1,0,0,0,0,0,0,0,0,0,0,1,0,0,0,0
9986,11457353.0,85000000.0,97.0,1,0.0,0.0,45.0,10.0,7.0,23.0,6.561,7.7,9.0,3.0,1.0,29.0,0,0,1,0,0,0,0,1,0,0,0,0,0,0,0,0,1,3,0,1,0,2,0,0,0.3333333333333333,0,0,1,0,0,0,0,0,1,0,0,0,0,0,0,0,0,0,0,0,1,0,0
9693,501003.0,76000000.0,109.0,1,0.0,0.0,40.0,10.0,4.0,47.0,6.427,8.018,40.0,6.0,31.0,378.0,1,0,0,0,1,0,1,0,0,1,0,0,1,0,0,0,0,4,0,1,0,2,0,0,0.3333333333333333,0,0,1,0,0,0,0,1,0,0,0,0,0,0,0,0,0,1,0,0,0,0,0
2295,10061132.0,5000000.0,97.0,2,4293.0,7.402,27.0,10.0,55.0,55.0,6.4,8.2,5.0,1.0,2.0,19.0,0,0,0,0,0,0,0,1,0,0,0,0,0,0,0,0,0,1,0,1,1,1,0,0,0.0,0,0,0,0,0,0,1,0,0,0,0,0,0,0,0,1,0,0,0,0,0,0,0
9339,40011365.0,82500000.0,107.0,1,0.0,0.0,46.0,10.0,5.5,11.0,6.715,7.7,24.0,2.0,29.0,133.0,0,0,1,0,1,0,0,1,0,0,0,0,0,0,0,0,0,3,0,1,0,1,0,0,0.25,0,0,0,0,0,0,1,0,0,0,0,0,0,0,1,0,0,0,0,0,0,0,0
1948,10457367.0,12000000.0,87.0,1,0.0,0.0,17.0,9.0,0.0,0.0,0.0,0.0,31.0,2.0,26.0,259.0,0,0,0,0,0,0,1,0,0,1,1,0,0,0,0,0,0,3,0,1,0,1,0,0,0.0,0,0,0,0,0,0,1,0,0,0,0,0,0,0,0,0,1,0,0,0,0,1,1
14351,3767567.0,5800000.0,95.0,1,0.0,0.0,11.0,10.0,9.0,9.0,5.8,6.9,9.0,1.0,1.0,28.0,0,1,0,0,1,0,1,0,0,0,0,0,0,0,0,0,0,3,0,1,0,1,0,0,0.0,0,0,0,0,0,0,0,1,0,0,0,0,0,0,0,0,0,1,0,0,0,0,0
9975,14703405.0,50000000.0,87.0,1,0.0,0.0,55.0,10.0,9.0,22.0,6.036,8.0,9.0,5.0,2.0,55.0,0,1,0,1,0,0,0,1,0,0,0,0,0,0,0,0,1,4,0,1,0,1,0,0,0.5,0,0,0,0,0,0,0,0,0,0,1,0,0,0,0,0,0,0,0,0,0,0,0
10073,19076261.0,20000000.0,83.0,1,0.0,0.0,31.0,9.0,4.0,8.0,5.8855,6.352,8.0,2.0,1.0,30.0,0,0,0,0,0,0,0,1,0,0,0,0,0,0,0,1,0,2,0,1,0,2,0,0,0.0,0,0,1,0,0,0,0,0,0,0,1,0,0,0,0,0,0,0,0,0,0,0,0
9969,12001256.0,51000000.0,93.0,1,0.0,0.0,15.0,10.0,9.0,9.0,5.5,6.0,14.0,3.0,18.0,101.0,0,0,0,0,0,0,0,1,0,0,0,0,0,0,0,0,1,2,0,1,0,1,0,0,0.0,0,0,0,0,0,0,0,0,1,0,0,0,0,0,0,0,0,0,0,1,0,0,0
24432,3605899.0,20000000.0,77.0,1,0.0,0.0,23.0,10.0,3.0,38.0,5.4,10.0,4.0,6.0,2.0,17.0,0,1,1,1,0,0,0,1,0,0,0,0,0,0,0,0,1,5,0,1,0,3,0,0,0.0,0,0,1,0,0,0,0,0,0,0,1,0,0,0,0,0,0,0,0,0,0,0,0
1125,378950.0,70000000.0,130.0,1,0.0,0.0,39.0,10.0,13.0,26.0,5.4,10.0,7.0,2.0,21.0,92.0,0,0,0,0,1,0,0,0,0,0,0,0,0,0,1,0,0,2,0,1,0,1,0,0,0.3333333333333333,0,0,0,0,0,0,0,0,1,0,0,0,0,0,0,0,0,0,0,0,1,0,0
9036,20188176.0,40000000.0,120.0,1,0.0,0.0,17.0,10.0,12.0,24.0,6.5,10.0,10.0,2.0,1.0,22.0,0,1,0,0,1,0,0,0,0,0,0,0,0,0,0,0,1,3,0,1,0,1,0,0,0.2,0,0,0,0,0,0,0,0,0,0,1,0,0,0,0,0,0,0,0,0,0,0,0
15934,3202035.0,26000000.0,116.0,1,0.0,0.0,21.0,10.0,18.0,18.0,5.7,10.0,9.0,3.0,2.0,22.0,0,0,0,0,1,0,0,0,1,0,0,0,0,0,1,0,0,3,0,1,0,1,0,0,0.0,0,0,0,0,0,0,0,1,0,0,0,0,0,0,0,0,0,1,0,0,0,0,0
9794,11407751.0,12000000.0,103.0,1,0.0,0.0,10.0,10.0,2.0,7.0,5.3,5.5,10.0,5.0,3.0,47.0,0,0,0,0,0,0,0,1,0,0,0,0,0,0,0,1,0,2,0,1,0,1,0,0,0.0,0,0,0,0,0,0,0,1,0,0,0,0,0,0,0,0,0,0,1,0,0,0,0
2486,23239907.0,100000000.0,104.0,1,0.0,0.0,47.0,10.0,2.0,4.0,7.05,8.0,8.0,3.0,2.0,46.0,1,1,1,0,0,0,1,0,0,0,0,0,0,0,0,0,1,4,0,1,0,3,0,0,0.14285714285714285,0,0,1,0,0,0,0,0,1,0,0,0,0,0,0,0,0,0,0,0,1,0,0
15213,6061762.0,35000000.0,87.0,1,0.0,0.0,67.0,10.0,0.0,0.0,0.0,0.0,8.0,4.0,2.0,47.0,0,1,0,1,0,0,0,1,0,0,0,0,0,0,0,0,1,4,1,1,0,2,0,0,0.25,0,0,0,0,0,0,1,0,0,0,0,0,0,0,0,0,1,0,0,0,0,1,0
18925,1389000.0,100000.0,111.0,1,0.0,0.0,1.0,7.1,11.0,22.0,7.1,7.1,2.0,4.0,2.0,10.0,0,0,0,0,1,0,0,0,0,0,0,0,0,0,0,0,0,1,0,1,0,1,0,0,0.0,0,0,0,0,0,0,0,1,0,0,0,0,0,0,0,0,0,1,0,0,0,0,0
6877,24411322.0,50000000.0,97.0,1,0.0,0.0,21.0,10.0,1.0,1.0,4.4,4.4,4.0,2.0,3.0,33.0,0,0,0,0,0,0,0,1,0,0,0,0,0,0,0,1,0,2,0,1,0,1,0,0,0.3333333333333333,0,0,0,0,0,1,0,0,0,0,0,1,0,0,0,0,0,0,0,0,0,0,0
9286,20125000.0,25000000.0,93.0,3,1105.0,6.2,5.0,8.1,8.0,23.0,6.129,6.6,36.0,3.0,35.0,232.0,0,0,0,0,0,1,0,0,0,0,0,0,0,1,0,0,0,2,1,1,1,3,0,0,0.16666666666666666,0,0,1,0,0,0,0,0,0,0,1,0,0,0,0,0,0,0,0,0,0,0,0
9754,13635463.0,45000000.0,105.0,1,0.0,0.0,23.0,10.0,0.0,0.0,0.0,0.0,24.0,1.0,17.0,139.0,0,0,0,0,0,0,1,0,0,1,1,0,0,0,0,0,0,3,1,1,0,2,0,0,0.2,0,1,0,0,0,0,0,0,0,0,1,0,0,0,0,0,0,0,0,0,0,1,0
3683,10245190.0,90000000.0,135.0,1,0.0,0.0,21.0,10.0,10.0,20.0,6.71,8.6,4.0,2.0,23.0,67.0,0,0,0,0,1,0,0,0,1,0,0,0,0,0,0,0,0,2,0,1,0,1,0,0,0.25,0,0,0,0,0,0,0,1,0,0,0,0,0,0,0,0,0,0,1,0,0,0,0
14012,7703551.0,15000000.0,95.0,1,0.0,0.0,5.0,8.5,15.0,45.0,6.0,7.0,6.0,3.0,2.0,38.0,1,0,0,0,1,0,0,0,0,0,0,0,0,0,0,0,1,2,0,1,0,1,0,0,0.0,0,0,0,0,0,0,0,1,0,0,0,0,0,0,0,0,0,0,1,0,0,0,0
11619,18814323.0,149000000.0,84.0,1,0.0,0.0,56.0,10.0,13.0,181.0,6.0,7.789,6.0,10.0,1.0,39.0,0,1,0,1,0,0,0,1,0,0,0,0,0,0,0,0,1,4,0,1,0,2,0,0,0.0,0,0,1,0,0,0,0,1,0,0,0,0,0,0,0,0,0,0,1,0,0,0,1
9664,6004219.0,60000000.0,138.0,1,0.0,0.0,26.0,10.0,15.0,36.0,5.7,9.0,10.0,3.0,14.0,84.0,0,1,0,0,1,0,1,0,1,0,0,0,0,0,0,1,0,5,0,1,0,2,0,0,0.0,0,0,1,0,0,0,0,1,0,0,0,0,0,0,0,0,0,1,0,0,0,0,0
14799,372012.0,12000000.0,86.0,1,0.0,0.0,51.0,10.0,20.5,41.0,5.8,8.0,5.0,2.0,8.0,37.0,0,0,0,0,0,0,0,1,0,0,0,0,0,0,0,0,0,1,0,1,0,1,0,0,0.0,0,0,0,0,0,0,0,0,1,0,0,0,0,0,0,0,0,0,0,1,0,0,0
9959,5833562.0,37665000.0,113.0,1,0.0,0.0,49.0,10.0,13.0,26.0,6.331,7.4,22.0,2.0,23.0,139.0,0,0,0,0,1,0,0,0,0,1,1,0,0,1,0,0,0,4,0,1,0,1,0,0,0.0,0,0,0,0,0,0,0,0,0,0,1,0,0,0,0,0,0,0,0,0,0,0,0
8998,637000.0,6500000.0,88.0,1,0.0,0.0,35.0,7.946,9.0,9.0,6.0,6.5,9.0,1.0,18.0,73.0,0,0,0,0,1,0,0,1,0,0,0,0,0,0,0,1,0,3,0,1,0,1,0,0,0.0,0,0,0,0,0,1,0,0,0,0,0,0,1,0,0,0,0,0,0,0,0,0,0
9513,7288977.0,60000000.0,82.0,2,735.0,5.719,72.0,10.0,10.0,33.0,6.0,7.971,7.0,3.0,4.0,30.0,0,1,1,1,1,0,0,1,0,0,0,0,0,0,0,0,1,6,0,1,1,2,0,0,0.16666666666666666,0,0,1,0,0,0,1,0,0,0,0,0,0,0,1,0,0,0,0,0,0,0,0
9918,13594734.0,26000000.0,118.0,1,0.0,0.0,10.0,10.0,1.0,1.0,3.7,3.7,10.0,2.0,2.0,31.0,0,0,0,0,1,0,0,0,1,0,0,0,0,0,0,0,0,2,0,1,0,1,0,0,0.5,0,0,0,0,0,0,0,0,0,1,0,0,0,0,0,0,0,0,0,0,0,0,0
9900,3009341.0,5000000.0,95.0,1,0.0,0.0,16.0,8.3,3.5,7.0,5.872,6.651,10.0,3.0,1.0,25.0,0,0,0,0,0,0,0,1,0,0,0,0,0,0,0,0,0,1,0,1,0,1,0,0,0.25,0,0,0,0,0,0,0,0,0,1,0,0,0,0,0,0,0,0,0,0,0,0,0
9766,14414630.0,30000000.0,125.0,1,0.0,0.0,33.0,10.0,2.5,5.0,5.7,6.984,11.0,2.0,27.0,93.0,0,0,0,0,1,0,0,0,0,0,1,0,0,0,0,0,0,2,0,1,0,1,0,0,0.2,0,0,0,0,0,0,0,1,0,0,0,0,0,0,0,0,0,1,0,0,0,0,0
7859,53983.0,700000.0,107.0,1,0.0,0.0,7.0,7.956,6.5,13.0,0.0,0.0,14.0,2.0,4.0,36.0,0,0,0,0,1,0,0,0,0,0,0,0,0,0,0,0,0,1,0,1,0,1,0,0,0.0,0,0,0,0,0,0,1,0,0,0,0,0,0,0,0,0,1,0,0,0,0,0,1
9836,41533432.0,100000000.0,108.0,1,0.0,0.0,46.0,10.0,4.0,53.0,6.221,8.6,32.0,4.0,46.0,317.0,0,0,0,1,0,0,0,1,0,0,0,0,0,0,0,0,1,3,0,1,0,2,0,0,0.0,0,1,0,0,0,0,0,0,1,0,0,0,0,0,0,0,0,0,0,1,0,0,0
1249,6008000.0,26000000.0,126.0,1,0.0,0.0,43.0,9.0,9.0,9.0,5.1,6.813,10.0,1.0,11.0,63.0,0,0,0,0,1,0,0,0,0,1,1,0,0,1,0,0,0,4,1,1,0,2,0,0,0.0,0,0,0,0,0,0,1,0,0,0,0,0,0,0,0,0,1,0,0,0,0,0,0
18276,3400000.0,15000000.0,91.0,1,0.0,0.0,7.0,10.0,1.0,1.0,5.553,5.553,12.0,2.0,4.0,29.0,1,1,0,0,0,0,0,0,0,0,0,0,0,0,0,0,1,2,0,1,0,1,0,0,0.0,0,0,0,0,0,0,0,0,1,0,0,0,0,0,0,0,0,0,0,1,0,0,1
24115,3950000.0,26000000.0,98.0,1,0.0,0.0,3.0,8.615,6.0,6.0,6.8,7.018,7.0,2.0,4.0,27.0,0,0,0,0,1,0,0,1,0,0,0,0,0,0,0,0,1,3,0,1,0,1,0,0,0.5,0,0,0,0,0,0,1,0,0,0,0,0,0,0,0,0,1,0,0,0,0,0,0
950,68033544.0,80000000.0,91.0,2,1480.0,7.362,28.0,10.0,2.5,26.0,5.4,8.0,17.0,8.0,41.0,170.0,0,1,0,1,0,0,0,1,0,0,0,0,0,0,0,0,1,4,0,1,1,1,0,0,0.3333333333333333,0,0,0,0,0,1,0,0,0,0,0,1,0,0,0,0,0,0,0,0,0,0,0
13816,5745780.0,26000000.0,121.0,1,0.0,0.0,8.0,10.0,0.0,0.0,0.0,0.0,13.0,1.0,4.0,44.0,0,0,0,0,1,0,0,0,0,0,1,0,0,0,1,0,0,3,0,1,0,1,0,0,0.25,0,0,0,0,0,0,1,0,0,0,0,0,0,0,0,0,1,0,0,0,0,1,1
388,28954945.0,45000000.0,129.0,1,0.0,0.0,60.0,10.0,0.0,0.0,0.0,0.0,24.0,1.0,22.0,126.0,0,0,0,0,1,0,0,0,0,1,1,0,0,0,0,0,0,3,0,1,0,1,0,0,0.3333333333333333,0,0,0,0,0,1,0,0,0,0,0,1,0,0,0,0,0,0,0,0,0,1,0
11652,17031122.0,30000000.0,105.0,1,0.0,0.0,25.0,10.0,0.0,0.0,0.0,0.0,7.0,1.0,1.0,15.0,0,0,0,0,1,0,0,0,1,0,0,0,0,0,0,0,0,2,0,1,0,1,0,0,1.0,0,0,0,0,0,0,1,0,0,0,0,0,0,0,0,0,1,0,0,0,0,1,0
12094,29002002.0,11000000.0,92.0,2,1428.0,6.3,29.0,10.0,8.0,286.0,6.3,10.0,8.0,26.0,11.0,44.0,0,0,0,0,0,0,1,1,0,0,0,1,0,0,0,0,0,3,0,1,1,1,0,0,0.25,0,0,0,0,0,0,0,1,0,0,0,0,0,0,0,0,0,1,0,0,0,0,0
9293,14276534.0,18000000.0,87.0,1,0.0,0.0,5.0,7.585,0.0,0.0,0.0,0.0,6.0,1.0,5.0,50.0,0,0,0,0,0,0,0,1,0,0,0,0,0,0,0,1,0,2,1,1,0,2,0,0,0.2,0,0,0,0,0,0,1,0,0,0,0,0,0,0,0,1,0,0,0,0,0,1,0
10025,5692285.0,28000000.0,103.0,1,0.0,0.0,11.0,10.0,2.5,16.0,6.211,6.875,16.0,6.0,32.0,169.0,0,0,1,0,1,0,0,1,0,0,0,0,0,0,0,1,1,5,0,1,0,1,0,0,0.25,0,0,0,0,0,0,1,0,0,0,0,0,0,1,0,0,0,0,0,0,0,0,0
21014,621000.0,26000000.0,90.0,1,0.0,0.0,7.0,10.0,1.0,1.0,8.0,8.0,9.0,1.0,1.0,20.0,0,0,0,0,0,0,0,1,0,0,0,0,0,0,0,0,0,1,0,1,0,1,0,0,0.0,0,0,0,0,0,0,1,0,0,0,0,0,0,1,0,0,0,0,0,0,0,0,0
9697,18044396.0,70000000.0,110.0,1,0.0,0.0,30.0,10.0,20.0,20.0,6.469,8.0,29.0,1.0,26.0,155.0,0,0,1,0,1,0,0,0,0,0,0,0,0,1,0,0,0,3,0,1,0,1,0,0,0.3333333333333333,0,0,0,0,0,0,1,0,0,0,0,0,0,0,0,1,0,0,0,0,0,0,0
15639,6922767.0,26000000.0,89.0,1,0.0,0.0,4.0,7.5,1.5,3.0,5.822,5.822,3.0,2.0,2.0,12.0,0,0,0,0,0,0,0,1,0,0,0,0,0,0,0,0,0,1,0,1,0,1,0,0,0.0,0,0,0,0,0,1,0,0,0,0,0,1,0,0,0,0,0,0,0,0,0,0,1
17379,12806188.0,45000000.0,112.0,1,0.0,0.0,30.0,10.0,5.0,10.0,6.35,7.526,12.0,2.0,5.0,32.0,0,1,0,0,1,0,0,1,0,0,0,0,0,0,0,0,0,3,0,1,0,1,0,0,0.5,0,0,0,0,0,0,0,0,0,1,0,0,0,0,0,0,0,0,0,0,0,0,0
9809,2220050.0,4000000.0,84.0,1,0.0,0.0,23.0,10.0,5.0,11.0,5.775,7.0,14.0,4.0,1.0,34.0,1,0,0,0,0,0,0,1,0,0,1,0,0,0,0,0,0,2,0,1,0,1,0,0,1.0,0,0,0,0,0,0,0,0,1,0,0,0,0,0,0,0,0,0,0,1,0,0,0
1251,89097.0,19000000.0,141.0,2,52.0,6.9,23.0,8.5,14.0,14.0,7.2,8.6,6.0,3.0,18.0,62.0,0,0,0,0,1,0,1,0,0,0,0,0,0,0,0,0,0,2,0,1,1,1,0,0,0.25,0,0,0,0,0,0,0,0,1,0,0,0,0,0,0,0,0,0,0,0,1,0,0
1440,97953.0,26000000.0,137.0,1,0.0,0.0,16.0,8.413,10.0,20.0,4.55,9.0,10.0,3.0,10.0,39.0,1,0,0,0,1,0,0,0,0,0,0,0,0,0,0,1,0,2,0,1,0,1,0,0,0.3333333333333333,0,0,0,0,0,0,0,1,0,0,0,0,0,0,0,0,0,0,1,0,0,0,0
9072,21613176.0,64000000.0,98.0,1,0.0,0.0,18.0,10.0,11.0,44.0,6.4,7.3,9.0,3.0,1.0,43.0,0,0,0,0,0,0,0,1,0,0,1,0,0,0,0,0,0,2,0,1,0,2,0,0,0.0,0,0,0,0,0,0,1,0,0,0,0,0,0,0,0,0,1,0,0,0,0,0,0
773,370998.0,8000000.0,102.0,1,0.0,0.0,24.0,8.0,0.0,0.0,0.0,0.0,23.0,1.0,24.0,135.0,0,0,0,0,1,0,0,1,0,0,0,0,0,0,0,0,0,2,0,1,0,1,0,0,0.0,0,0,0,0,0,0,1,0,0,0,0,0,0,0,0,1,0,0,0,0,0,1,0
186,7031921.0,27000000.0,110.0,1,0.0,0.0,66.0,10.0,0.0,0.0,0.0,0.0,48.0,1.0,20.0,178.0,0,0,0,0,1,0,0,0,0,1,1,0,0,1,0,0,0,4,0,1,0,4,0,0,0.0,0,0,1,0,0,0,0,0,0,0,1,0,0,0,0,0,0,0,0,0,0,1,0
16781,30030661.0,6000000.0,107.0,2,364.0,6.6,11.0,10.0,34.0,34.0,7.3,7.6,12.0,2.0,16.0,76.0,0,0,0,0,1,0,0,1,0,0,0,0,0,0,0,1,0,3,0,1,1,1,0,0,0.0,0,0,0,0,0,0,0,0,0,0,1,0,0,0,0,0,0,0,0,0,0,0,0
9895,12299380.0,20000000.0,115.0,1,0.0,0.0,93.0,10.0,67.0,67.0,6.281,7.763,6.0,1.0,1.0,20.0,0,0,0,0,0,0,0,1,0,1,0,0,0,0,0,1,0,3,0,1,0,1,0,0,0.5,0,0,0,0,0,0,0,1,0,0,0,0,0,0,0,0,0,0,1,0,0,0,0
1887,5361050.0,40000000.0,123.0,1,0.0,0.0,41.0,10.0,16.0,16.0,6.2,7.8,26.0,1.0,12.0,142.0,0,0,0,0,1,0,0,0,1,0,0,0,0,0,0,0,0,2,0,1,0,3,0,0,0.2,0,0,1,1,0,0,1,0,0,0,0,0,0,1,0,0,0,0,0,0,0,0,0
10118,4603121.0,26000000.0,97.0,1,0.0,0.0,39.0,10.0,1.0,1.0,6.443,6.443,21.0,3.0,1.0,37.0,0,0,0,0,0,0,0,1,0,0,0,0,0,0,0,1,1,3,0,1,0,1,0,0,0.0,0,0,0,0,0,0,1,0,0,0,0,0,0,0,0,0,1,0,0,0,0,0,0
82,25723815.0,135000000.0,132.0,1,0.0,0.0,24.0,8.0,22.5,45.0,7.162,7.9,42.0,3.0,42.0,225.0,0,0,0,0,0,0,1,0,0,1,1,0,0,0,0,0,0,3,0,1,0,2,0,0,0.3333333333333333,0,0,1,0,0,0,1,0,0,0,0,0,0,0,0,1,0,0,0,0,0,0,0
13967,9653.0,30000000.0,92.0,1,0.0,0.0,29.0,10.0,5.0,5.0,6.5,7.5,13.0,1.0,10.0,42.0,0,0,0,0,1,0,0,0,0,0,0,0,0,0,0,1,1,3,0,1,0,2,0,0,0.0,0,0,1,0,0,0,0,0,1,0,0,0,0,0,0,0,0,0,0,0,1,0,0
956,47743273.0,150000000.0,126.0,3,2162.0,6.128,37.0,10.0,9.0,55.0,6.0,10.0,46.0,5.0,27.0,272.0,0,1,0,0,0,0,1,0,0,1,0,0,0,0,0,0,0,3,0,1,1,1,0,0,0.5,0,0,0,0,0,1,0,0,0,0,0,0,1,0,0,0,0,0,0,0,0,0,0
9297,22217226.0,75000000.0,91.0,1,0.0,0.0,4.0,9.0,5.0,17.0,6.0,7.572,11.0,3.0,7.0,100.0,0,0,1,1,0,0,0,1,0,0,0,0,0,0,0,0,1,4,0,1,0,1,0,0,0.0,0,0,0,0,0,0,1,0,0,0,0,0,0,0,1,0,0,0,0,0,0,0,1
4474,8603460.0,26000000.0,95.0,1,0.0,0.0,33.0,10.0,0.0,0.0,0.0,0.0,24.0,1.0,26.0,199.0,0,0,0,0,0,0,0,1,0,0,0,0,1,0,0,1,0,3,0,1,0,1,0,0,0.0,0,0,0,0,0,0,1,0,0,0,0,0,0,0,0,1,0,0,0,0,0,1,0
9353,28309599.0,35000000.0,92.0,1,0.0,0.0,3.0,10.0,5.0,25.0,6.1,7.1,29.0,5.0,27.0,137.0,0,0,0,0,1,0,0,1,0,0,0,0,0,0,0,0,1,3,0,1,0,2,0,0,0.25,0,0,1,0,0,0,1,0,0,0,0,0,0,0,1,0,0,0,0,0,0,0,0
1593,30433781.0,110000000.0,108.0,1,0.0,0.0,60.0,10.0,6.0,15.0,5.7,7.0,16.0,3.0,27.0,109.0,0,1,1,0,0,0,1,1,0,0,0,0,0,0,0,0,1,5,0,1,0,2,0,0,0.2,0,0,1,0,0,0,0,0,1,0,0,0,0,0,0,0,0,0,0,0,1,0,0
1259,414487.0,15000000.0,92.0,1,0.0,0.0,47.0,10.0,5.5,11.0,6.0,8.5,29.0,2.0,40.0,173.0,1,0,0,0,1,0,0,0,0,0,0,0,0,0,0,1,0,2,0,0,0,2,0,0,0.0,0,0,1,0,0,0,0,0,1,0,0,0,0,0,0,0,0,0,0,0,1,0,0
15005,4326000.0,20000000.0,123.0,1,0.0,0.0,15.0,10.0,3.0,3.0,4.7,4.7,10.0,3.0,10.0,61.0,1,0,0,0,1,0,0,0,1,0,0,0,0,0,0,0,0,2,0,1,0,1,0,0,0.0,0,0,0,0,0,0,0,1,0,0,0,0,0,0,0,0,0,0,1,0,0,0,0
7484,23624548.0,85000000.0,86.0,1,0.0,0.0,25.0,10.0,2.0,44.0,6.3,10.0,17.0,15.0,22.0,118.0,0,1,0,1,0,0,0,1,0,0,0,0,0,0,0,0,1,4,0,1,0,1,0,0,1.0,0,0,0,0,0,0,0,1,0,0,0,0,0,0,0,0,0,1,0,0,0,0,0
7518,38457003.0,80000000.0,83.0,1,0.0,0.0,23.0,10.0,8.0,84.0,6.281,10.0,36.0,11.0,44.0,245.0,0,0,0,1,0,0,0,1,0,0,0,0,0,0,0,0,1,3,0,1,0,1,0,0,0.0,0,0,0,0,0,0,1,0,0,0,0,0,0,1,0,0,0,0,0,0,0,0,0
30139,3109924.0,3000000.0,99.0,1,0.0,0.0,12.0,10.0,0.0,0.0,0.0,0.0,4.0,1.0,1.0,10.0,0,0,0,0,0,0,0,1,0,0,0,0,0,0,0,1,0,2,0,1,0,1,0,0,0.0,0,0,0,0,0,1,0,0,0,0,0,0,1,0,0,0,0,0,0,0,0,1,1
58,135634554.0,200000000.0,151.0,2,1093.0,7.8,54.0,10.0,19.0,74.0,6.974,7.8,35.0,6.0,32.0,297.0,0,1,1,0,0,0,1,0,0,0,0,0,0,0,0,0,0,3,0,1,1,1,0,0,0.3333333333333333,0,0,0,0,0,0,1,0,0,0,0,0,0,0,0,1,0,0,0,0,0,0,0
503,22155410.0,160000000.0,98.0,1,0.0,0.0,28.0,10.0,16.0,32.0,5.75,8.0,34.0,2.0,24.0,265.0,1,1,0,0,1,0,1,0,0,1,0,0,0,0,0,0,0,4,0,1,0,1,0,0,0.16666666666666666,0,0,0,0,0,0,1,0,0,0,0,0,0,1,0,0,0,0,0,0,0,0,0
9682,8203822.0,38000000.0,88.0,1,0.0,0.0,10.0,7.602,77.0,165.0,5.8,8.5,13.0,3.0,2.0,42.0,0,0,0,0,1,1,0,0,0,0,0,0,1,1,0,0,0,4,0,1,0,4,0,0,0.0,0,0,1,0,0,0,1,0,0,0,0,0,0,0,0,0,1,0,0,0,0,0,1
9952,110326.0,10000000.0,120.0,1,0.0,0.0,33.0,10.0,136.0,136.0,6.8,8.5,17.0,1.0,11.0,47.0,0,1,0,0,1,0,0,0,0,0,0,0,0,0,0,0,0,2,0,1,0,2,0,0,0.0,0,0,1,0,0,0,0,1,0,0,0,0,0,0,0,0,0,1,0,0,0,0,0
1246,12158168.0,24000000.0,102.0,6,5878.0,5.8,9.0,10.0,54.0,54.0,6.2,7.8,26.0,2.0,21.0,180.0,0,0,0,0,1,0,0,0,0,0,0,0,0,0,0,0,0,1,0,1,1,1,0,0,0.25,0,0,0,0,0,0,0,0,1,0,0,0,0,0,0,0,0,0,0,0,1,0,0
7304,3075000.0,17000000.0,122.0,1,0.0,0.0,16.0,9.0,5.0,5.0,6.699,6.699,35.0,1.0,16.0,120.0,0,0,0,0,1,0,1,0,0,1,1,0,0,0,0,0,0,4,0,1,0,2,0,0,0.1111111111111111,0,0,1,0,0,0,0,0,0,1,0,0,0,0,0,0,0,0,0,0,0,0,0
7510,226108.0,12000000.0,116.0,1,0.0,0.0,26.0,10.0,0.0,0.0,0.0,0.0,8.0,2.0,4.0,35.0,0,0,0,0,1,0,0,1,0,0,0,0,0,0,0,0,0,2,0,1,0,1,0,0,0.5,0,0,0,0,0,0,0,1,0,0,0,0,0,0,0,0,0,0,1,0,0,1,1
9530,16414767.0,50000000.0,99.0,1,0.0,0.0,9.0,10.0,2.0,2.0,5.3855,5.9,17.0,1.0,8.0,60.0,0,0,0,0,1,0,0,1,0,0,0,0,0,0,0,1,1,4,0,1,0,3,0,0,0.16666666666666666,0,0,1,0,0,1,0,0,0,0,0,0,1,0,0,0,0,0,0,0,0,0,0
214,33610391.0,10000000.0,108.0,3,363.0,6.6,29.0,10.0,14.0,28.0,6.6,7.421,13.0,3.0,15.0,72.0,0,0,0,0,0,1,0,0,0,1,1,0,0,0,0,0,0,3,0,1,1,1,0,0,0.0,0,0,0,0,0,0,0,1,0,0,0,0,0,0,0,0,0,0,1,0,0,0,0
4257,40222875.0,45000000.0,83.0,4,901.0,5.971,15.0,10.0,26.0,69.0,6.215,7.295,26.0,3.0,24.0,193.0,0,0,0,0,0,0,0,1,0,0,0,0,0,0,0,0,0,1,0,1,1,1,0,0,0.0,0,0,0,0,0,1,0,0,0,0,0,0,1,0,0,0,0,0,0,0,0,0,0
9842,8602333.0,20000000.0,100.0,1,0.0,0.0,30.0,10.0,4.0,46.0,6.2,7.0,12.0,5.0,8.0,48.0,1,0,0,0,0,0,0,1,0,0,0,0,0,0,0,1,0,2,0,1,0,1,0,0,0.0,0,0,0,0,0,0,0,1,0,0,0,0,0,0,0,0,0,1,0,0,0,0,0
512,3003000.0,4000000.0,96.0,1,0.0,0.0,45.0,10.0,94.0,94.0,6.712,10.0,28.0,1.0,13.0,100.0,0,0,0,0,0,0,0,1,0,0,0,0,0,1,0,0,0,2,0,1,0,2,0,0,0.0,0,0,1,0,0,0,1,0,0,0,0,0,0,0,0,1,0,0,0,0,0,0,0
10007,4581233.0,8000000.0,84.0,1,0.0,0.0,3.0,10.0,0.0,0.0,0.0,0.0,14.0,1.0,15.0,119.0,0,0,0,0,0,1,0,0,0,1,0,0,0,0,0,0,0,2,0,1,0,1,0,0,0.0,0,0,0,0,0,0,1,0,0,0,0,0,0,1,0,0,0,0,0,0,0,1,0
9655,10730372.0,20000000.0,105.0,1,0.0,0.0,7.0,9.5,3.0,6.0,6.8,7.592,20.0,4.0,33.0,185.0,0,0,0,0,0,0,0,1,0,0,0,0,0,0,0,1,0,2,0,1,0,1,0,0,0.0,0,0,0,0,0,1,0,0,0,0,0,1,0,0,0,0,0,0,0,0,0,0,0
588,20152598.0,50000000.0,125.0,1,0.0,0.0,21.0,10.0,19.0,19.0,6.0,8.488,11.0,3.0,27.0,119.0,0,0,0,0,0,1,0,0,0,0,0,0,0,1,0,0,0,2,1,0,0,4,0,0,0.2,0,0,1,1,0,1,0,0,0,0,0,0,1,0,0,0,0,0,0,0,0,0,0
9035,3880270.0,15000000.0,95.0,1,0.0,0.0,16.0,10.0,18.0,18.0,6.0,10.0,27.0,1.0,21.0,163.0,0,0,0,0,0,1,0,1,0,0,0,0,1,0,0,0,0,3,1,1,0,2,0,0,0.0,0,0,0,0,0,1,0,0,0,0,0,1,0,0,0,0,0,0,0,0,0,0,0
7516,14638755.0,17000000.0,109.0,1,0.0,0.0,23.0,8.5,10.0,10.0,5.4,6.7,18.0,1.0,24.0,202.0,0,0,0,0,0,0,1,1,0,1,1,0,0,0,0,0,0,4,0,1,0,3,0,0,0.2,0,0,1,0,0,0,0,0,1,0,0,0,0,0,0,0,0,0,0,0,1,0,0
326,13850000.0,33000000.0,105.0,1,0.0,0.0,14.0,10.0,7.0,7.0,5.6,6.102,39.0,4.0,21.0,200.0,0,1,0,0,0,1,1,0,0,1,1,0,0,0,0,0,0,5,0,1,0,1,0,0,0.2,0,0,0,0,0,0,1,0,0,0,0,0,0,0,0,0,1,0,0,0,0,0,0
15363,5016000.0,26000000.0,99.0,1,0.0,0.0,12.0,10.0,0.0,0.0,0.0,0.0,4.0,1.0,2.0,12.0,0,0,0,0,1,0,0,1,0,0,0,0,0,0,0,1,0,3,0,1,0,1,0,0,0.0,0,0,0,0,0,0,0,0,0,1,0,0,0,0,0,0,0,0,0,0,0,1,0
10069,10726406.0,9000000.0,86.0,1,0.0,0.0,5.0,7.1,4.0,4.0,3.0,3.0,20.0,2.0,5.0,74.0,0,0,0,0,0,1,0,0,0,1,0,0,0,1,0,0,0,3,0,1,0,1,0,0,0.0,0,0,0,0,0,1,0,0,0,0,0,1,0,0,0,0,0,0,0,0,0,0,0
9762,20659573.0,12000000.0,104.0,1,0.0,0.0,5.0,8.615,8.0,8.0,6.513,6.526,9.0,3.0,4.0,31.0,0,0,0,0,1,0,0,0,0,0,1,0,0,0,1,1,0,4,0,1,0,1,0,0,0.0,0,0,0,0,0,0,1,0,0,0,0,0,0,0,0,0,1,0,0,0,0,0,0
10115,10803610.0,26000000.0,105.0,1,0.0,0.0,31.0,10.0,7.0,7.0,6.2,6.809,11.0,1.0,1.0,30.0,0,0,0,0,1,0,0,1,0,0,0,0,0,0,0,0,0,2,0,1,0,2,0,0,0.0,0,0,1,0,0,1,0,0,0,0,0,0,1,0,0,0,0,0,0,0,0,0,0
1262,13411093.0,30000000.0,113.0,1,0.0,0.0,37.0,10.0,0.0,0.0,0.0,0.0,15.0,1.0,20.0,88.0,0,0,1,0,1,0,0,1,0,0,0,0,0,0,0,1,0,4,0,1,0,2,0,0,0.25,0,0,1,0,0,0,0,1,0,0,0,0,0,0,0,0,0,1,0,0,0,1,0
1452,52535096.0,223000000.0,154.0,5,6914.0,4.562,28.0,10.0,26.0,108.0,6.5,8.2,35.0,7.0,24.0,239.0,0,1,0,0,0,0,1,0,0,0,0,0,1,0,0,0,0,3,0,1,1,1,0,0,0.2,0,0,0,0,0,0,1,0,0,0,0,0,0,0,1,0,0,0,0,0,0,0,0
12763,12775000.0,30000000.0,108.0,1,0.0,0.0,41.5,10.0,4.0,4.0,6.3,6.7,9.0,1.0,2.0,17.0,0,0,0,0,1,0,0,1,0,0,0,0,0,0,1,0,0,3,0,1,0,1,0,0,0.5,0,0,0,0,0,1,0,0,0,0,0,1,0,0,0,0,0,0,0,0,0,0,0
9718,47042215.0,72500000.0,108.0,1,0.0,0.0,42.0,10.0,3.5,7.0,6.6,6.709,32.0,2.0,21.0,190.0,0,0,0,0,0,0,0,1,0,0,0,0,0,0,0,0,0,1,0,1,0,1,0,0,0.0,0,0,0,0,0,0,1,0,0,0,0,0,0,0,0,0,1,0,0,0,0,0,0
9906,8432465.0,50000000.0,88.0,1,0.0,0.0,59.0,10.0,16.0,32.0,6.003,10.0,18.0,3.0,23.0,82.0,0,1,1,1,0,0,0,1,0,0,0,0,0,0,0,0,1,5,0,1,0,1,0,0,0.25,0,0,0,0,0,0,1,0,0,0,0,0,0,0,0,1,0,0,0,0,0,0,0
9957,19656429.0,33000000.0,85.0,1,0.0,0.0,35.0,8.071,5.0,10.0,6.0,6.651,23.0,2.0,18.0,129.0,0,0,0,0,0,0,0,1,0,0,0,0,0,0,0,0,0,1,0,1,0,1,0,0,0.0,0,0,0,0,0,1,0,0,0,0,0,0,1,0,0,0,0,0,0,0,0,0,0
9676,10005895.0,50000000.0,121.0,1,0.0,0.0,21.0,10.0,4.5,9.0,5.7,7.796,25.0,2.0,19.0,99.0,1,0,0,0,1,0,0,0,0,1,1,0,0,0,0,0,0,3,0,1,0,3,0,0,0.14285714285714285,0,0,1,0,0,0,0,1,0,0,0,0,0,0,0,0,0,1,0,0,0,0,0
9767,39172785.0,52000000.0,106.0,1,0.0,0.0,26.0,9.0,1.5,3.0,6.852,6.852,44.0,5.0,37.0,204.0,0,0,0,0,0,0,0,1,0,0,0,0,0,0,0,1,0,2,0,1,0,2,0,0,0.25,0,0,1,0,0,0,1,0,0,0,0,0,0,0,1,0,0,0,0,0,0,0,0
9954,8852458.0,20000000.0,97.0,1,0.0,0.0,2.5,7.11,34.0,34.0,5.1,5.8,17.0,1.0,20.0,94.0,0,1,1,0,0,1,1,0,0,0,0,0,0,0,0,0,0,4,0,1,0,1,0,0,0.0,0,0,0,0,0,0,0,1,0,0,0,0,0,0,0,0,0,1,0,0,0,0,0
591,77073388.0,125000000.0,149.0,1,0.0,0.0,55.0,10.0,9.0,18.0,6.591,7.858,48.0,2.0,32.0,291.0,1,0,0,0,0,0,0,0,0,1,0,0,0,1,0,0,0,2,0,1,0,1,0,0,0.0,0,0,0,0,0,0,1,0,0,0,0,0,0,1,0,0,0,0,0,0,0,0,0
1422,26887467.0,90000000.0,151.0,1,0.0,0.0,47.0,10.0,17.0,37.0,6.2,7.8,9.0,3.0,15.0,87.0,0,0,0,0,1,0,0,0,0,1,1,0,0,0,0,0,0,3,0,1,0,2,0,0,0.2,0,0,0,1,0,0,0,1,0,0,0,0,0,0,0,0,0,0,1,0,0,0,0
350,27537244.0,35000000.0,109.0,1,0.0,0.0,13.0,10.0,4.0,4.0,5.75,5.8,7.0,2.0,18.0,62.0,1,0,0,0,1,0,0,1,0,0,0,0,0,0,0,0,0,2,0,1,0,1,0,0,0.3333333333333333,0,0,0,0,0,0,1,0,0,0,0,0,0,0,1,0,0,0,0,0,0,0,0
9615,23973840.0,85000000.0,104.0,3,1094.0,6.5,7.0,8.2,8.0,16.0,5.92,7.0,10.0,2.0,17.0,102.0,0,0,0,0,1,0,1,0,0,1,1,0,0,0,0,0,0,4,0,1,1,3,0,0,0.2,0,0,1,1,0,0,1,0,0,0,0,0,0,0,1,0,0,0,0,0,0,0,0
1381,3768702.0,35000000.0,96.0,1,0.0,0.0,57.0,9.0,34.0,34.0,5.5,8.019,10.0,3.0,10.0,93.0,0,1,0,0,1,0,0,0,0,0,0,0,1,0,0,1,0,4,0,1,0,1,0,0,0.0,0,0,0,0,0,0,0,0,1,0,0,0,0,0,0,0,0,0,0,1,0,0,0
1247,9912110.0,85000000.0,167.0,1,0.0,0.0,32.0,10.0,14.0,14.0,6.35,8.5,13.0,1.0,4.0,35.0,0,0,0,0,1,0,0,0,1,1,0,0,0,0,0,0,0,3,0,1,0,1,0,0,0.25,0,0,0,0,0,0,0,0,1,0,0,0,0,0,0,0,0,0,0,0,1,0,0
1975,20825300.0,20000000.0,102.0,2,720.0,5.9,9.0,8.0,15.5,31.0,5.9,7.3,14.0,2.0,1.0,30.0,0,0,0,0,0,1,0,0,0,1,0,0,0,0,0,0,0,2,0,1,1,1,0,0,0.3333333333333333,0,0,0,0,0,0,0,1,0,0,0,0,0,0,0,0,0,0,1,0,0,0,0
4643,18006064.0,10000000.0,139.0,1,0.0,0.0,14.0,10.0,2.0,2.0,5.568,5.568,41.0,1.0,25.0,177.0,0,1,0,0,1,0,1,0,0,0,0,0,0,0,0,0,0,3,0,1,0,1,0,0,0.0,0,0,0,0,0,0,0,1,0,0,0,0,0,0,0,0,0,1,0,0,0,0,0
9792,15708512.0,15000000.0,107.0,1,0.0,0.0,14.0,8.348,10.0,178.0,5.7,8.5,21.0,4.0,27.0,136.0,0,0,0,0,0,1,0,0,0,1,0,0,0,0,0,0,0,2,0,1,0,2,0,0,0.0,0,0,1,0,0,1,0,0,0,0,0,1,0,0,0,0,0,0,0,0,0,0,0
8618,100803.0,4000000.0,109.0,1,0.0,0.0,5.0,8.8,70.0,70.0,3.0,7.0,11.0,2.0,1.0,21.0,0,0,0,0,1,0,0,0,0,0,0,0,0,0,0,0,0,1,0,1,0,1,0,0,0.0,0,0,1,0,0,0,0,1,0,0,0,0,0,0,0,0,0,0,1,0,0,0,0
9903,1501000.0,25000000.0,116.0,1,0.0,0.0,49.0,10.0,1.5,3.0,5.9,6.7,14.0,2.0,3.0,49.0,0,0,0,0,1,0,0,1,0,0,0,0,0,0,0,0,0,2,0,1,0,1,0,0,0.0,0,0,0,0,0,0,0,1,0,0,0,0,0,0,0,0,0,0,1,0,0,0,0
1581,12778913.0,85000000.0,136.0,1,0.0,0.0,35.0,10.0,22.0,22.0,6.25,7.2,9.0,1.0,7.0,44.0,0,0,0,0,0,0,0,1,0,0,0,0,0,0,0,1,0,2,0,1,0,1,0,0,0.4,0,0,0,0,0,0,0,0,1,0,0,0,0,0,0,0,0,0,0,0,1,0,0
1491,927956.0,16500000.0,110.0,1,0.0,0.0,28.0,10.0,1.5,3.0,5.304,5.304,19.0,2.0,17.0,67.0,0,0,1,0,1,0,0,0,0,1,0,0,0,0,0,1,0,4,0,1,0,1,0,0,0.0,0,0,0,0,0,0,1,0,0,0,0,0,0,0,0,0,1,0,0,0,0,0,0
2044,13616196.0,40000000.0,99.0,1,0.0,0.0,43.0,10.0,4.0,14.0,6.25,7.4,7.0,3.0,4.0,53.0,0,0,0,0,1,0,0,0,0,0,0,0,0,1,0,1,0,3,0,1,0,2,0,0,0.0,0,0,0,1,0,0,1,0,0,0,0,0,0,0,1,0,0,0,0,0,0,0,0
1523,142899.0,6000000.0,123.0,1,0.0,0.0,17.0,8.5,6.5,13.0,5.7,7.0,12.0,3.0,3.0,43.0,1,0,0,0,1,0,0,0,0,0,0,0,0,0,0,0,0,1,0,0,0,2,0,0,0.0,0,0,1,0,0,0,0,0,0,1,0,0,0,0,0,0,0,0,0,0,0,0,0
7511,4627989.0,20000000.0,115.0,1,0.0,0.0,11.0,10.0,13.0,26.0,6.0,10.0,19.0,2.0,23.0,92.0,0,0,0,0,1,0,0,1,0,0,0,0,0,0,0,1,0,3,0,1,0,1,0,0,0.0,0,0,0,0,0,0,0,1,0,0,0,0,0,0,0,0,0,1,0,0,0,0,0
8975,7138774.0,20000000.0,92.0,1,0.0,0.0,5.0,10.0,9.5,19.0,4.6,6.8,5.0,3.0,14.0,117.0,0,0,0,0,0,0,1,0,0,0,0,0,0,0,0,0,0,1,0,1,0,2,0,0,0.3333333333333333,0,1,0,0,0,0,0,1,0,0,0,0,0,0,0,0,0,0,1,0,0,0,1
16727,248552.0,12000000.0,122.0,1,0.0,0.0,19.0,10.0,7.0,7.0,6.6,7.2,10.0,2.0,1.0,16.0,1,0,0,0,1,0,0,0,0,0,0,0,0,0,0,0,1,2,0,1,0,3,0,0,0.0,0,0,0,1,0,0,0,1,0,0,0,0,0,0,0,0,0,1,0,0,0,0,0
2447,8025000.0,35000000.0,101.0,1,0.0,0.0,13.0,8.0,3.0,3.0,7.1,7.2,7.0,1.0,1.0,23.0,0,0,0,0,1,0,0,0,0,0,0,0,0,0,0,0,0,1,0,1,0,1,0,0,0.3333333333333333,0,0,0,0,0,0,0,0,1,0,0,0,0,0,0,0,0,0,0,1,0,0,0
9782,3600000.0,4000000.0,91.0,1,0.0,0.0,30.0,10.0,1.0,7.0,3.9,7.1,4.0,3.0,1.0,13.0,0,0,0,0,0,1,0,0,0,1,1,0,0,1,0,0,0,4,0,1,0,2,0,0,0.0,0,0,1,0,0,0,0,0,0,0,1,0,0,0,0,0,0,0,0,0,0,0,0
806,16026496.0,25000000.0,110.0,1,0.0,0.0,54.0,10.0,32.0,32.0,5.6,7.4,7.0,1.0,1.0,82.0,0,0,0,0,0,1,0,0,0,1,0,0,0,1,0,0,0,3,0,1,0,2,0,0,0.3333333333333333,0,0,1,0,0,0,1,0,0,0,0,0,0,0,1,0,0,0,0,0,0,0,0
14202,51086.0,19400000.0,125.0,1,0.0,0.0,43.0,10.0,39.0,78.0,5.65,8.0,16.0,2.0,12.0,41.0,1,0,0,0,1,0,0,0,0,0,0,0,0,0,0,1,0,2,1,1,0,4,0,0,0.0,0,0,0,1,0,0,0,0,1,0,0,0,0,0,0,0,0,0,0,0,1,0,0
12096,20220412.0,65000000.0,93.0,1,0.0,0.0,47.0,10.0,26.5,189.0,6.0,9.0,31.0,6.0,19.0,166.0,0,1,0,0,0,0,0,1,0,0,1,0,0,1,0,0,1,5,0,1,0,1,0,0,0.3333333333333333,0,0,0,0,0,0,0,0,0,0,1,0,0,0,0,0,0,0,0,0,0,0,0
1124,14801808.0,40000000.0,130.0,1,0.0,0.0,25.0,10.0,15.5,31.0,6.515,8.181,16.0,3.0,10.0,63.0,1,0,0,0,1,0,0,0,0,0,0,0,1,1,0,0,0,3,0,1,0,2,0,0,0.25,0,0,1,0,0,0,0,1,0,0,0,0,0,0,0,0,0,0,1,0,0,0,0
1402,26541709.0,55000000.0,117.0,1,0.0,0.0,30.5,10.0,3.0,3.0,6.1,6.3,6.0,1.0,3.0,37.0,0,0,0,0,1,0,0,0,0,0,0,0,0,0,0,0,0,1,0,1,0,1,0,0,0.25,0,0,0,0,0,0,0,0,1,0,0,0,0,0,0,0,0,0,0,0,1,0,0
1165,122014.0,15000000.0,103.0,1,0.0,0.0,21.0,9.4,12.5,25.0,2.0,7.419,31.0,2.0,20.0,208.0,0,0,0,0,1,0,0,0,1,0,0,0,0,0,0,0,0,2,0,0,0,3,0,0,0.0,0,0,1,0,0,0,0,1,0,0,0,0,0,0,0,0,0,1,0,0,0,0,0
10093,4776000.0,15000000.0,85.0,1,0.0,0.0,21.0,8.1,0.0,0.0,0.0,0.0,8.0,1.0,1.0,32.0,0,0,0,0,1,1,0,0,0,1,0,0,0,0,0,0,0,3,0,1,0,1,0,0,0.0,0,0,0,0,0,0,0,0,1,0,0,0,0,0,0,0,0,0,0,1,0,1,0
13767,19504038.0,12000000.0,97.0,3,1495.0,5.972,34.0,10.0,8.0,32.0,5.952500000000001,6.822,8.0,4.0,9.0,72.0,0,1,0,0,0,0,0,1,0,0,0,0,0,0,0,0,1,3,0,1,1,1,0,0,0.25,0,0,0,0,0,0,0,0,1,0,0,0,0,0,0,0,0,0,0,1,0,0,0
5820,14367854.0,60000000.0,108.0,1,0.0,0.0,40.0,10.0,3.5,7.0,5.7,7.095,7.0,2.0,4.0,34.0,1,0,0,0,0,0,1,0,0,1,1,0,0,0,0,0,0,3,0,1,0,1,0,0,0.125,0,0,0,0,0,1,0,0,0,0,0,0,1,0,0,0,0,0,0,0,0,0,0
10067,16310058.0,50000000.0,98.0,1,0.0,0.0,29.0,10.0,8.0,147.0,5.984,10.0,8.0,8.0,1.0,31.0,0,0,0,0,0,0,0,1,0,0,0,0,0,0,0,0,1,2,0,1,0,1,0,0,0.3333333333333333,0,0,0,0,0,1,0,0,0,0,0,1,0,0,0,0,0,0,0,0,0,0,0
10781,19150000.0,16000000.0,91.0,2,1233.0,6.3,6.0,10.0,4.5,9.0,6.4,7.531,22.0,3.0,25.0,118.0,0,0,0,0,0,1,0,0,0,0,0,0,0,0,0,0,0,1,0,1,1,1,0,0,0.2,0,0,0,0,0,0,0,1,0,0,0,0,0,0,0,0,0,0,1,0,0,0,0
9708,9610204.0,40000000.0,102.0,1,0.0,0.0,42.0,10.0,9.5,34.0,6.05,7.7,41.0,4.0,22.0,178.0,1,0,0,0,0,1,0,0,0,1,0,0,0,1,0,0,0,3,0,1,0,4,0,0,0.0,1,0,1,0,0,0,1,0,0,0,0,0,0,0,0,0,1,0,0,0,0,0,0
9904,9684809.0,80000000.0,95.0,1,0.0,0.0,63.0,10.0,9.0,60.0,5.6,7.947,24.0,11.0,26.0,108.0,0,0,0,1,0,0,0,0,0,0,0,0,0,0,0,0,1,2,0,1,0,2,0,0,0.16666666666666666,0,0,0,0,0,1,0,0,0,0,0,0,1,0,0,0,0,0,0,0,0,0,0
9958,1200000.0,5000000.0,95.0,2,2640.0,7.1,6.0,10.0,2.0,12.0,7.1,7.7,1.0,3.0,1.0,7.0,0,0,0,0,0,0,0,1,0,0,1,0,0,0,0,0,0,2,1,1,1,1,0,0,0.0,0,0,0,0,0,0,0,1,0,0,0,0,0,0,0,0,0,0,1,0,0,0,0
9796,3582554.0,10000000.0,93.0,1,0.0,0.0,6.0,7.8,3.0,3.0,5.6,6.353,19.0,1.0,33.0,98.0,0,0,0,0,0,1,0,0,0,1,0,0,0,0,0,0,0,2,0,1,0,1,0,0,0.0,0,0,0,0,0,0,0,0,1,0,0,0,0,0,0,0,0,0,0,0,1,0,0
9920,9064880.0,30000000.0,87.0,1,0.0,0.0,24.0,10.0,7.5,15.0,6.15,7.044,32.0,2.0,23.0,165.0,0,0,0,0,0,0,1,0,0,1,0,0,1,0,0,0,0,3,0,1,0,2,0,0,0.0,0,0,0,1,0,1,0,0,0,0,0,1,0,0,0,0,0,0,0,0,0,0,0
18147,5815474.0,26000000.0,90.0,1,0.0,0.0,6.0,7.509,0.0,0.0,0.0,0.0,13.0,3.0,5.0,56.0,0,0,0,0,0,0,0,1,0,0,0,0,0,0,0,0,1,2,0,1,0,1,0,0,0.3333333333333333,0,0,0,0,0,0,0,0,1,0,0,0,0,0,0,0,0,0,0,0,1,1,0
834,26857181.0,50000000.0,106.0,2,846.0,6.827,18.0,9.5,4.0,23.0,6.827,6.827,32.0,7.0,17.0,207.0,0,0,1,0,0,0,1,0,0,1,0,0,0,0,0,0,0,3,0,1,1,1,0,0,0.0,0,0,0,0,0,0,0,0,0,1,0,0,0,0,0,0,0,0,0,0,0,0,0
9829,11478360.0,15000000.0,111.0,1,0.0,0.0,3.0,7.3,14.0,14.0,5.7,7.324,36.0,1.0,27.0,162.0,0,0,0,0,1,0,1,0,1,1,1,0,0,0,0,0,0,5,0,1,0,3,0,0,0.0,0,0,1,0,0,1,0,0,0,0,0,0,1,0,0,0,0,0,0,0,0,0,0
752,25642340.0,54000000.0,132.0,1,0.0,0.0,69.0,10.0,27.0,58.0,7.054,8.218,36.0,4.0,28.0,290.0,0,0,0,0,0,0,1,0,0,1,0,0,1,0,0,0,0,3,0,1,0,3,0,0,0.0,0,0,1,0,0,0,0,0,0,0,1,0,0,0,0,0,0,0,0,0,0,0,0
13771,35604.0,26000000.0,95.0,1,0.0,0.0,87.5,10.0,10.0,10.0,6.1,6.7,8.0,1.0,8.0,51.0,0,0,0,0,1,0,0,1,0,0,0,0,0,0,0,1,0,3,0,0,0,1,0,0,0.0,0,0,1,0,0,0,0,1,0,0,0,0,0,0,0,0,0,1,0,0,0,0,0
9917,9452000.0,26000000.0,97.0,1,0.0,0.0,10.5,10.0,4.0,17.0,5.8,7.5,10.0,3.0,1.0,39.0,0,1,0,0,1,0,1,0,0,1,0,0,0,0,0,0,0,4,0,1,0,1,0,0,0.0,0,0,0,0,0,0,1,0,0,0,0,0,0,0,1,0,0,0,0,0,0,0,0
11170,6114264.0,65000000.0,124.0,1,0.0,0.0,34.0,10.0,0.0,0.0,0.0,0.0,6.0,2.0,1.0,14.0,0,0,0,0,1,0,0,0,1,0,0,0,0,0,0,0,0,2,0,1,0,1,0,0,0.25,0,0,0,0,0,0,0,0,1,0,0,0,0,0,0,0,0,0,0,0,1,1,0
10053,21607203.0,15000000.0,87.0,1,0.0,0.0,20.0,8.217,18.0,36.0,5.25,6.9,5.0,3.0,1.0,26.0,0,0,0,0,0,1,0,0,0,0,0,0,0,1,0,0,0,2,0,1,0,1,0,0,0.0,0,0,0,0,0,0,0,0,0,0,1,0,0,0,0,0,0,0,0,0,0,0,0
35199,32847.0,26000000.0,94.0,1,0.0,0.0,43.5,10.0,1.0,1.0,4.0,4.0,13.0,2.0,1.0,6.0,0,0,0,0,0,0,0,0,0,0,0,1,0,0,0,0,0,1,0,1,0,1,0,0,0.0,0,0,0,0,0,0,1,0,0,0,0,0,0,0,1,0,0,0,0,0,0,0,0
1852,18730762.0,65000000.0,129.0,1,0.0,0.0,28.0,8.5,0.0,0.0,0.0,0.0,37.0,2.0,34.0,246.0,0,0,0,0,1,0,0,0,1,1,0,0,0,0,0,0,0,3,0,1,0,3,0,0,0.2,0,0,1,0,0,0,1,0,0,0,0,0,0,0,0,0,1,0,0,0,0,1,0
36668,102750665.0,210000000.0,104.0,3,1123.0,7.033,46.0,10.0,7.5,15.0,5.8,7.033,19.0,2.0,22.0,252.0,0,1,0,0,0,0,1,0,0,1,0,0,1,0,0,0,0,4,0,1,1,1,0,0,0.3333333333333333,0,0,0,0,0,0,1,0,0,0,0,0,0,1,0,0,0,0,0,0,0,0,0
1819,21525560.0,54000000.0,108.0,1,0.0,0.0,32.0,10.0,0.0,0.0,0.0,0.0,26.0,1.0,23.0,158.0,0,0,0,0,0,0,0,1,0,0,0,0,0,0,0,1,0,2,0,1,0,1,0,0,0.3333333333333333,0,0,0,0,0,0,1,0,0,0,0,0,0,0,0,1,0,0,0,0,0,1,0
14113,4510408.0,75600000.0,88.0,1,0.0,0.0,30.0,8.6,2.0,75.0,4.4,7.1,11.0,4.0,6.0,122.0,1,1,0,0,0,0,1,1,0,0,0,0,1,0,0,0,1,5,0,1,0,1,0,0,0.0,0,0,0,0,0,0,1,0,0,0,0,0,0,0,0,0,1,0,0,0,0,0,0
1271,70885301.0,65000000.0,116.0,1,0.0,0.0,22.0,8.5,6.0,19.0,6.0,8.0,23.0,4.0,20.0,242.0,1,1,0,0,0,0,1,0,0,0,0,0,0,0,0,0,0,2,0,1,0,2,0,0,0.14285714285714285,0,0,1,0,0,1,0,0,0,0,0,1,0,0,0,0,0,0,0,0,0,0,0
3021,20617667.0,25000000.0,112.0,1,0.0,0.0,44.0,10.0,13.0,129.0,5.9,10.0,30.0,4.0,25.0,141.0,0,0,0,0,0,1,0,0,0,0,0,0,0,1,0,0,0,2,0,1,0,1,0,0,0.0,0,0,0,0,0,0,1,0,0,0,0,0,0,0,1,0,0,0,0,0,0,0,0
1562,9807292.0,15000000.0,100.0,2,1638.0,7.225,20.0,7.967,4.0,19.0,5.6,6.7,11.0,4.0,11.0,209.0,0,0,0,0,0,1,0,0,0,1,0,0,1,0,0,0,0,3,0,0,1,3,0,0,0.0,0,0,1,0,0,1,0,0,0,0,0,0,1,0,0,0,0,0,0,0,0,0,0
5176,14035033.0,55000000.0,122.0,1,0.0,0.0,33.0,9.2,7.5,56.0,5.75,9.5,12.0,4.0,17.0,105.0,0,0,0,0,0,0,0,0,0,0,0,0,0,0,0,0,0,1,0,1,0,1,0,0,0.0,0,0,0,0,0,0,0,1,0,0,0,0,0,0,0,0,0,1,0,0,0,0,0
4513,15951902.0,30000000.0,113.0,1,0.0,0.0,23.0,10.0,5.5,11.0,6.4,7.8,21.0,4.0,9.0,117.0,1,0,0,0,0,1,0,0,0,1,0,0,0,0,0,0,0,2,0,1,0,2,0,0,0.2,0,1,0,0,0,0,0,1,0,0,0,0,0,0,0,0,0,0,1,0,0,0,0
1988,3948863.0,16000000.0,108.0,1,0.0,0.0,20.0,10.0,0.0,0.0,0.0,0.0,4.0,2.0,2.0,17.0,1,0,0,0,1,0,0,0,0,1,0,0,0,0,0,0,0,2,0,1,0,2,0,0,0.3333333333333333,0,0,1,0,0,0,1,0,0,0,0,0,0,0,1,0,0,0,0,0,0,1,0
4688,667784.0,45000000.0,133.0,1,0.0,0.0,8.0,7.5,33.0,66.0,6.1,7.3,22.0,2.0,29.0,174.0,0,0,1,0,1,0,0,0,0,0,0,0,0,0,0,1,0,3,0,1,0,1,0,0,0.0,0,0,0,0,0,0,0,1,0,0,0,0,0,0,0,0,0,1,0,0,0,0,0
6477,44307417.0,60000000.0,92.0,1,0.0,0.0,35.0,10.0,4.0,18.0,5.14,8.5,10.0,5.0,25.0,75.0,0,0,1,1,0,0,0,1,0,0,0,0,0,0,0,0,1,4,0,1,0,1,0,0,0.2,0,0,0,0,0,0,0,0,1,0,0,0,0,0,0,0,0,0,0,0,1,0,0
4982,43565135.0,100000000.0,157.0,1,0.0,0.0,34.0,8.5,11.0,22.0,6.4,8.565,12.0,2.0,28.0,87.0,0,0,0,0,1,0,0,0,0,0,1,0,0,0,0,0,0,2,0,1,0,1,0,0,0.2,0,0,0,0,0,0,0,0,1,0,0,0,0,0,0,0,0,0,0,1,0,0,0
13158,3088000.0,750000.0,86.0,1,0.0,0.0,2.0,7.861,3.0,9.0,0.0,7.3,3.0,3.0,1.0,32.0,0,0,0,1,0,0,0,1,0,0,0,0,0,0,0,0,0,2,0,1,0,1,0,0,0.0,0,0,0,0,0,1,0,0,0,0,0,0,1,0,0,0,0,0,0,0,0,0,0
10172,14262724.0,26000000.0,92.0,2,804.0,5.643,25.0,10.0,8.0,141.0,5.949,7.8,13.0,6.0,7.0,53.0,0,0,0,0,0,0,0,1,0,0,0,0,0,0,0,0,1,2,0,1,1,1,0,0,0.0,0,0,0,0,0,1,0,0,0,0,0,0,1,0,0,0,0,0,0,0,0,0,0
4347,784145.0,30000000.0,123.0,1,0.0,0.0,20.5,10.0,18.5,37.0,5.7,9.0,15.0,2.0,10.0,62.0,1,0,0,0,1,0,0,0,0,0,0,0,0,0,0,1,0,2,0,0,0,3,0,0,0.25,0,0,1,0,0,0,0,0,0,0,1,0,0,0,0,0,0,0,0,0,0,0,0
5123,9421369.0,25000000.0,114.0,1,0.0,0.0,30.0,10.0,36.0,72.0,6.0,9.0,14.0,4.0,1.0,33.0,0,0,0,0,1,0,0,0,0,0,0,0,0,0,1,0,1,3,0,1,0,1,0,0,0.25,0,0,0,0,0,0,0,0,1,0,0,0,0,0,0,0,0,0,0,1,0,0,0
13483,5856872.0,86000000.0,84.0,1,0.0,0.0,35.0,10.0,0.0,0.0,0.0,0.0,14.0,1.0,20.0,115.0,0,0,0,0,0,0,0,0,0,1,1,0,0,1,0,0,0,3,0,1,0,1,0,0,0.0,0,0,0,0,0,0,0,0,1,0,0,0,0,0,0,0,0,0,0,1,0,1,1
1919,114628.0,3000000.0,110.0,1,0.0,0.0,57.0,10.0,5.5,11.0,1.0,6.0,8.0,2.0,3.0,28.0,0,0,0,0,1,0,0,0,0,0,0,0,0,0,0,1,0,2,1,0,0,3,0,0,0.0,0,0,1,0,0,0,1,0,0,0,0,0,0,1,0,0,0,0,0,0,0,0,0
9750,11352123.0,26000000.0,90.0,1,0.0,0.0,14.0,10.0,8.0,8.0,5.7780000000000005,7.0,8.0,1.0,1.0,25.0,0,0,0,0,0,0,0,1,0,0,1,0,0,0,0,0,0,2,0,1,0,1,0,0,0.0,0,0,0,0,0,0,1,0,0,0,0,0,0,0,0,0,1,0,0,0,0,0,0
1257,13122865.0,26000000.0,102.0,1,0.0,0.0,15.0,9.3,9.5,19.0,6.215,7.7,6.0,2.0,1.0,36.0,0,0,0,0,0,0,0,1,0,0,0,0,0,0,0,1,0,2,0,1,0,1,0,0,0.3333333333333333,0,0,0,0,0,0,0,0,0,0,1,0,0,0,0,0,0,0,0,0,0,0,0
2977,972066.0,16500000.0,120.0,1,0.0,0.0,59.0,9.4,1.5,3.0,5.1,6.2,11.0,2.0,2.0,29.0,0,0,0,0,1,0,0,0,0,0,0,0,0,0,0,1,0,2,0,0,0,1,0,0,0.0,0,0,1,0,0,1,0,0,0,0,0,1,0,0,0,0,0,0,0,0,0,0,0
5559,38021044.0,150000000.0,91.0,1,0.0,0.0,38.0,10.0,2.0,11.0,7.4,8.8,11.0,5.0,23.0,61.0,0,1,0,1,0,0,0,1,0,0,0,0,0,0,0,0,1,4,0,1,0,1,0,0,0.0,0,0,0,0,0,0,0,1,0,0,0,0,0,0,0,0,0,0,1,0,0,0,0
7972,73837.0,18000000.0,117.0,1,0.0,0.0,44.0,10.0,0.0,0.0,0.0,0.0,41.0,1.0,21.0,159.0,0,0,0,0,1,0,0,0,0,1,1,0,0,0,0,0,0,3,0,1,0,2,0,0,0.0,0,0,1,0,0,0,0,1,0,0,0,0,0,0,0,0,0,1,0,0,0,1,0
2310,27515871.0,70000000.0,115.0,1,0.0,0.0,60.0,10.0,20.0,84.0,6.4,8.7,12.0,3.0,11.0,94.0,0,1,0,1,0,0,1,0,0,0,0,0,0,0,0,0,0,3,0,1,0,1,0,0,0.5,0,0,0,0,0,0,0,0,1,0,0,0,0,0,0,0,0,0,0,1,0,0,0
9955,33014202.0,53000000.0,93.0,1,0.0,0.0,11.0,10.0,0.0,0.0,0.0,0.0,16.0,7.0,14.0,99.0,0,0,0,0,0,0,0,1,0,0,0,0,0,0,0,0,0,1,0,1,0,1,0,0,0.0,0,0,0,0,0,1,0,0,0,0,0,1,0,0,0,0,0,0,0,0,0,1,0
10075,2074300.0,15000000.0,98.0,1,0.0,0.0,14.0,10.0,8.0,16.0,5.8945,7.0,16.0,3.0,2.0,40.0,1,0,1,0,1,1,0,0,0,0,0,0,0,0,0,1,0,4,0,1,0,4,0,0,0.0,0,0,1,0,0,0,0,0,0,1,0,0,0,0,0,0,0,0,0,0,0,0,0
14123,4208455.0,20000000.0,102.0,1,0.0,0.0,5.5,7.0,3.0,3.0,6.308,6.6,8.0,3.0,1.0,61.0,0,0,0,0,0,0,0,1,0,0,0,0,0,0,1,0,1,3,0,1,0,1,0,0,0.0,0,0,0,0,0,0,1,0,0,0,0,0,0,0,0,0,1,0,0,0,0,0,0
4169,10504990.0,23000000.0,110.0,1,0.0,0.0,37.0,10.0,2.0,13.0,6.453,7.004,10.0,5.0,2.0,25.0,0,0,0,0,1,0,0,0,1,1,1,0,0,0,0,0,0,4,0,1,0,2,0,0,0.16666666666666666,0,0,1,0,0,0,0,0,0,0,1,0,0,0,0,0,0,0,0,0,0,0,0
1265,22564612.0,60000000.0,96.0,1,0.0,0.0,14.0,10.0,3.0,6.0,6.4,9.0,11.0,2.0,14.0,75.0,1,1,0,0,1,0,0,0,0,0,0,0,0,0,0,0,1,3,0,1,0,1,0,0,0.25,0,0,0,0,0,0,0,0,0,0,1,0,0,0,0,0,0,0,0,0,0,0,0
12526,3245556.0,4000000.0,98.0,1,0.0,0.0,25.0,8.0,0.0,0.0,0.0,0.0,13.0,2.0,9.0,53.0,0,0,0,0,1,1,0,0,0,1,0,0,0,0,0,0,0,3,0,1,0,2,0,0,0.0,0,0,1,0,0,0,0,0,0,0,1,0,0,0,0,0,0,0,0,0,0,1,0
6538,9656250.0,75000000.0,102.0,1,0.0,0.0,48.0,8.506,5.0,5.0,6.543,7.541,16.0,2.0,13.0,86.0,0,0,0,0,1,0,0,1,1,0,0,0,0,0,0,0,0,3,0,1,0,2,0,0,0.2,0,0,1,0,0,0,0,0,1,0,0,0,0,0,0,0,0,0,0,0,1,0,0
14396,4300000.0,20000000.0,84.0,1,0.0,0.0,31.0,10.0,10.0,20.0,5.85,7.2,11.0,2.0,1.0,20.0,0,0,0,0,0,0,1,1,0,0,1,0,0,0,0,0,0,3,0,1,0,1,0,0,1.0,0,0,0,0,0,0,0,0,0,1,0,0,0,0,0,0,0,0,0,0,0,0,0
14144,3402678.0,6000000.0,89.0,2,1552.0,5.9,32.0,10.0,9.0,49.0,5.9,7.971,4.0,6.0,1.0,18.0,0,0,0,0,0,0,0,1,0,0,0,0,0,0,0,0,1,2,0,1,1,1,0,0,0.0,0,0,0,0,0,0,1,0,0,0,0,0,0,0,0,0,1,0,0,0,0,0,1
16555,11210754.0,10000000.0,100.0,1,0.0,0.0,9.0,10.0,26.0,26.0,7.2,8.0,8.0,1.0,2.0,16.0,0,0,0,0,1,0,0,1,0,0,0,0,0,0,0,1,0,3,0,1,0,1,0,0,0.0,0,0,0,0,0,0,0,0,0,0,1,0,0,0,0,0,0,0,0,0,0,0,0
7211,11809445.0,25000000.0,98.0,1,0.0,0.0,25.0,8.5,7.0,14.0,6.27,7.671,10.0,2.0,12.0,43.0,0,0,0,0,1,0,0,1,0,0,0,0,0,0,0,1,0,3,0,1,0,1,0,0,0.0,0,0,0,0,0,0,0,1,0,0,0,0,0,0,0,0,0,0,1,0,0,0,0
14001,7842725.0,20000000.0,89.0,1,0.0,0.0,13.0,10.0,18.0,36.0,6.6,7.421,25.0,3.0,34.0,170.0,0,0,0,0,0,1,0,0,0,0,0,0,0,0,0,0,0,1,0,1,0,1,0,0,0.3333333333333333,0,0,0,0,0,1,0,0,0,0,0,1,0,0,0,0,0,0,0,0,0,0,0
2196,1282973.0,9000000.0,90.0,1,0.0,0.0,19.0,8.076,1.0,1.0,5.7,5.7,9.0,1.0,6.0,27.0,0,0,0,0,1,0,0,1,0,0,0,0,0,0,0,0,0,2,0,1,0,3,0,0,0.0,0,0,1,0,0,0,1,0,0,0,0,0,0,0,0,0,1,0,0,0,0,0,0
11835,4231321.0,20000000.0,105.0,1,0.0,0.0,47.0,10.0,17.0,17.0,6.0,6.9,28.0,2.0,21.0,172.0,1,0,0,0,1,0,1,0,0,1,1,0,0,0,0,0,0,4,0,1,0,1,0,0,0.3333333333333333,0,0,0,0,0,0,1,0,0,0,0,0,0,0,0,0,1,0,0,0,0,0,0
14547,3420645.0,12.0,90.0,1,0.0,0.0,12.0,10.0,0.0,0.0,0.0,0.0,2.0,2.0,11.0,6.0,0,1,0,0,0,0,1,1,0,0,0,0,0,0,0,0,0,3,0,1,0,1,0,0,0.0,0,0,0,0,0,0,1,0,0,0,0,0,0,1,0,0,0,0,0,0,0,1,0
8271,22224982.0,20000000.0,105.0,1,0.0,0.0,15.0,8.506,8.0,16.0,5.87,6.4,21.0,3.0,23.0,127.0,0,0,0,0,1,0,0,0,0,1,0,0,0,1,0,0,0,3,0,1,0,1,0,0,0.0,0,0,0,0,0,1,0,0,0,0,0,1,0,0,0,0,0,0,0,0,0,0,0
2252,547092.0,51500000.0,101.0,1,0.0,0.0,47.0,10.0,3.0,3.0,6.881,6.9,11.0,1.0,12.0,53.0,0,0,0,0,0,0,0,0,0,1,1,0,0,1,0,0,0,3,0,0,0,3,0,0,0.0,0,0,1,0,0,0,0,1,0,0,0,0,0,0,0,0,0,1,0,0,0,0,0
4517,6153075.0,55000000.0,114.0,2,3283.0,7.2,35.0,10.0,14.0,28.0,6.15,10.0,7.0,2.0,12.0,106.0,0,0,0,0,1,0,0,0,1,0,0,0,0,0,0,1,0,3,0,1,1,3,0,0,0.3333333333333333,0,0,1,0,0,0,0,1,0,0,0,0,0,0,0,0,0,1,0,0,0,0,0
4523,34440317.0,85000000.0,107.0,1,0.0,0.0,31.0,9.0,10.5,21.0,6.976,7.6,13.0,2.0,27.0,136.0,0,0,1,0,0,0,0,1,0,0,0,0,0,0,0,1,1,4,0,1,0,1,0,0,0.25,0,0,0,0,0,0,0,0,1,0,0,0,0,0,0,0,0,0,0,1,0,0,0
9760,18612544.0,20000000.0,85.0,1,0.0,0.0,9.0,10.0,6.0,12.0,5.59,6.352,4.0,2.0,11.0,55.0,0,1,1,0,0,0,0,1,0,0,0,0,0,0,0,0,0,3,0,1,0,1,0,0,0.25,0,0,0,0,0,0,0,0,0,1,0,0,0,0,0,0,0,0,0,0,0,0,0
2698,31192615.0,175000000.0,96.0,2,1478.0,6.715,21.5,10.0,10.0,129.0,6.033,10.0,17.0,6.0,5.0,75.0,0,0,1,0,0,0,0,1,0,0,0,0,0,0,0,0,1,3,0,1,1,1,0,0,0.2,0,0,0,0,0,0,1,0,0,0,0,0,0,0,1,0,0,0,0,0,0,0,0
6022,3513000.0,26000000.0,117.0,1,0.0,0.0,24.0,10.0,2.0,4.0,6.7,7.284,13.0,3.0,1.0,33.0,1,0,0,0,1,0,0,0,0,0,0,0,0,0,0,1,0,2,0,1,0,2,0,0,0.0,0,0,1,0,0,0,1,0,0,0,0,0,0,0,1,0,0,0,0,0,0,0,0
1979,58051684.0,130000000.0,92.0,2,714.0,5.786,12.0,10.0,15.0,142.0,5.8305,8.442,16.0,6.0,1.0,60.0,0,1,0,0,0,0,1,0,0,0,0,0,1,0,0,0,0,3,0,1,1,3,0,0,0.16666666666666666,0,0,1,0,0,0,1,0,0,0,0,0,0,0,1,0,0,0,0,0,0,0,0
14313,1707967.0,26000000.0,101.0,1,0.0,0.0,32.0,10.0,9.0,9.0,5.8,6.8,15.0,2.0,1.0,26.0,1,0,0,0,1,0,0,0,0,0,0,0,0,0,0,1,0,2,0,1,0,1,0,0,0.0,0,0,0,0,0,0,0,1,0,0,0,0,0,0,0,0,0,1,0,0,0,0,0
10107,3838916.0,26000000.0,111.0,1,0.0,0.0,15.0,10.0,8.0,16.0,5.697,7.039,8.0,3.0,4.0,38.0,0,0,0,0,0,0,0,1,0,0,0,0,0,0,0,0,1,2,1,1,0,2,0,0,0.0,0,0,0,0,0,1,0,0,0,0,0,0,1,0,0,0,0,0,0,0,0,0,0
6145,11180000.0,10000000.0,113.0,1,0.0,0.0,25.0,10.0,6.5,13.0,5.8,6.8,11.0,2.0,3.0,36.0,0,0,0,0,0,0,0,0,0,1,0,0,0,0,0,0,0,1,0,1,0,2,0,0,0.25,0,0,1,0,0,1,0,0,0,0,0,0,1,0,0,0,0,0,0,0,0,0,0
5375,18515473.0,100000000.0,115.0,1,0.0,0.0,39.0,10.0,8.0,16.0,6.682,7.571,16.0,3.0,26.0,111.0,0,0,0,0,1,0,1,1,0,0,0,0,0,0,0,0,0,3,0,1,0,1,0,0,0.25,0,0,0,0,0,0,0,0,1,0,0,0,0,0,0,0,0,0,0,1,0,0,0
1646,9405582.0,21000000.0,123.0,1,0.0,0.0,39.0,10.0,17.0,17.0,6.7,8.0,13.0,3.0,19.0,100.0,1,0,0,0,1,0,0,0,0,0,1,0,0,0,0,0,0,2,0,1,0,2,0,0,0.0,0,0,1,0,0,0,0,0,0,1,0,0,0,0,0,0,0,0,0,0,0,0,0
13159,6773870.0,20000000.0,113.0,1,0.0,0.0,44.0,10.0,5.0,5.0,7.1,7.4,9.0,1.0,8.0,59.0,0,0,0,0,1,0,0,1,0,0,0,0,0,0,0,1,0,3,0,1,0,1,0,0,0.5,0,0,0,0,0,0,1,0,0,0,0,0,0,1,0,0,0,0,0,0,0,0,0
1250,45388836.0,110000000.0,114.0,1,0.0,0.0,51.0,9.2,12.0,12.0,6.0,6.8,10.0,1.0,16.0,71.0,0,0,1,0,0,0,1,0,0,1,0,0,0,0,0,0,0,3,0,1,0,1,0,0,0.2,0,0,0,0,0,0,0,0,0,1,0,0,0,0,0,0,0,0,0,0,0,0,0
4771,2299000.0,19000000.0,113.0,1,0.0,0.0,36.0,10.0,4.0,8.0,5.916,8.2,14.0,3.0,23.0,105.0,1,0,0,0,1,0,0,0,0,0,1,0,0,1,0,0,0,3,0,1,0,1,0,0,0.0,0,0,0,0,0,0,0,1,0,0,0,0,0,0,0,0,0,1,0,0,0,0,0
10030,13652001.0,25000000.0,101.0,1,0.0,0.0,6.0,7.457,4.0,4.0,5.3,5.6,17.0,2.0,2.0,35.0,0,0,0,0,0,0,0,1,0,0,0,0,0,0,0,1,0,2,1,1,0,2,0,0,0.0,0,0,0,0,0,0,0,1,0,0,0,0,0,0,0,0,0,1,0,0,0,0,0
2976,27800000.0,75000000.0,117.0,1,0.0,0.0,28.0,8.488,14.0,139.0,6.4,7.8,16.0,6.0,9.0,72.0,0,0,0,0,1,0,0,1,0,0,0,0,0,0,0,1,0,3,0,1,0,2,0,0,0.25,0,0,1,0,0,0,1,0,0,0,0,0,0,0,0,1,0,0,0,0,0,0,0
2082,26362367.0,15000000.0,110.0,1,0.0,0.0,16.0,10.0,53.0,153.0,6.029,8.1,25.0,3.0,23.0,167.0,0,0,0,0,0,1,0,0,0,0,0,0,0,0,0,0,0,1,0,1,0,1,0,0,0.0,0,0,0,0,0,0,1,0,0,0,0,0,0,0,0,0,1,0,0,0,0,0,0
1248,13051650.0,75000000.0,121.0,1,0.0,0.0,23.0,8.0,10.0,10.0,7.008,8.348,13.0,2.0,5.0,55.0,1,0,0,0,0,1,0,0,0,1,1,0,0,0,0,0,0,3,0,1,0,5,0,0,0.0,0,0,1,0,0,0,0,0,0,0,1,0,0,0,0,0,0,0,0,0,0,0,0
5393,6608244.0,47000000.0,87.0,1,0.0,0.0,25.0,10.0,2.5,5.0,4.0,5.6,18.0,2.0,2.0,38.0,0,1,1,1,0,0,0,1,0,0,0,0,0,0,0,0,1,5,0,1,0,3,0,0,0.0,0,0,1,0,0,0,0,0,0,1,0,0,0,0,0,0,0,0,0,0,0,0,0
675,77108414.0,150000000.0,138.0,5,599.0,7.812,8.0,10.0,11.0,22.0,7.812,8.018,9.0,3.0,19.0,107.0,1,1,1,0,0,0,0,0,0,0,0,0,0,0,0,0,0,2,0,0,1,2,0,0,0.5,0,0,1,0,0,0,1,0,0,0,0,0,0,0,0,1,0,0,0,0,0,0,0
1620,13180769.0,24000000.0,94.0,1,0.0,0.0,25.0,10.0,4.0,4.0,6.6,7.0,11.0,1.0,8.0,52.0,0,0,0,0,1,0,1,0,0,1,0,0,0,0,0,0,0,3,0,1,0,2,0,0,0.0,0,0,1,0,0,0,0,0,1,0,0,0,0,0,0,0,0,0,0,1,0,0,0
1691,8203391.0,10200000.0,93.0,2,628.0,5.96,14.5,9.1,38.0,38.0,6.0,7.88,13.0,2.0,5.0,38.0,0,0,0,0,0,1,0,0,0,0,0,0,0,0,0,0,0,1,0,1,1,2,0,0,0.0,0,0,1,0,0,0,1,0,0,0,0,0,0,0,1,0,0,0,0,0,0,0,0
4638,5837000.0,12000000.0,121.0,1,0.0,0.0,20.0,8.5,13.0,26.0,6.154,8.5,12.0,2.0,13.0,65.0,0,0,0,0,0,0,1,1,0,0,1,0,0,0,0,0,0,3,0,0,0,3,0,0,0.0,0,0,1,0,0,0,0,0,0,0,1,0,0,0,0,0,0,0,0,0,0,0,0
10074,5310711.0,26000000.0,88.0,1,0.0,0.0,6.0,7.253,3.0,3.0,6.707,7.266,40.0,1.0,25.0,217.0,0,0,0,0,0,0,1,1,0,0,0,0,0,0,0,0,0,2,0,1,0,1,0,0,0.25,0,0,0,0,0,0,1,0,0,0,0,0,0,0,0,0,1,0,0,0,0,0,0
6479,77211321.0,150000000.0,101.0,1,0.0,0.0,17.0,10.0,8.0,95.0,6.294,7.858,30.0,5.0,7.0,145.0,1,0,0,0,1,0,0,0,0,1,0,0,1,0,0,0,0,3,0,1,0,1,0,0,0.16666666666666666,0,0,0,0,0,0,0,0,1,0,0,0,0,0,0,0,0,0,0,0,1,0,0
5857,3506291.0,12000000.0,105.0,1,0.0,0.0,24.0,9.0,0.0,0.0,0.0,0.0,9.0,1.0,8.0,53.0,0,0,0,0,0,1,0,0,0,1,0,0,0,1,0,0,0,3,0,1,0,1,0,0,0.3333333333333333,0,0,0,0,0,0,1,0,0,0,0,0,0,0,0,1,0,0,0,0,0,1,0
3563,34233750.0,85000000.0,115.0,1,0.0,0.0,50.0,10.0,6.0,32.0,6.5,7.5,23.0,3.0,23.0,151.0,0,0,0,0,0,0,0,1,0,0,0,0,0,0,0,1,0,2,0,1,0,1,0,0,0.5,0,0,0,0,0,0,1,0,0,0,0,0,0,0,0,1,0,0,0,0,0,0,0
14434,5674802.0,11000000.0,94.0,1,0.0,0.0,61.0,10.0,20.0,40.0,5.55,7.76,3.0,2.0,2.0,15.0,0,0,0,0,0,0,0,1,0,0,0,0,0,0,0,1,0,2,0,1,0,2,0,0,0.0,0,0,0,1,0,1,0,0,0,0,0,1,0,0,0,0,0,0,0,0,0,0,0
3902,730819.0,20000000.0,135.0,1,0.0,0.0,37.0,10.0,18.5,37.0,6.3,7.1,13.0,2.0,3.0,34.0,0,0,0,0,1,0,0,0,0,0,0,0,0,0,1,0,0,2,0,1,0,2,0,0,0.0,0,0,1,0,0,0,0,1,0,0,0,0,0,0,0,0,0,0,1,0,0,0,0
13067,4712341.0,10000000.0,97.0,1,0.0,0.0,34.0,10.0,0.0,0.0,0.0,0.0,5.0,1.0,1.0,13.0,0,0,0,0,1,0,0,1,0,0,0,0,0,0,0,1,0,3,0,1,0,1,0,0,0.0,0,0,0,0,0,1,0,0,0,0,0,0,1,0,0,0,0,0,0,0,0,1,1
6973,133557.0,23000000.0,124.0,1,0.0,0.0,49.0,10.0,16.0,16.0,7.2,8.6,15.0,2.0,10.0,63.0,0,0,0,0,1,0,0,0,1,1,1,0,0,1,0,0,0,5,0,1,0,1,0,0,0.0,0,0,0,0,0,0,0,1,0,0,0,0,0,0,0,0,0,1,0,0,0,0,0
5915,212440.0,15000000.0,148.0,1,0.0,0.0,40.0,8.5,6.0,12.0,6.25,6.5,10.0,2.0,13.0,62.0,0,1,0,0,1,0,0,0,0,0,0,0,0,0,0,0,0,2,0,1,0,1,0,0,0.25,0,0,0,0,0,0,0,1,0,0,0,0,0,0,0,0,0,1,0,0,0,0,0
7326,413869.0,7500000.0,96.0,1,0.0,0.0,18.0,10.0,0.0,0.0,0.0,0.0,15.0,1.0,16.0,79.0,0,0,0,0,1,0,0,1,0,0,0,0,0,0,0,1,0,3,0,1,0,1,0,0,0.0,0,0,0,0,0,0,0,0,1,0,0,0,0,0,0,0,0,0,0,0,1,1,0
13280,2484624.0,26000000.0,108.0,1,0.0,0.0,31.0,10.0,2.0,2.0,5.5,5.5,7.0,3.0,1.0,23.0,0,0,0,0,0,0,0,1,0,0,0,0,0,0,0,0,0,1,0,1,0,1,0,0,0.0,0,0,0,0,0,1,0,0,0,0,0,0,1,0,0,0,0,0,0,0,0,0,0
4964,30690990.0,30000000.0,129.0,1,0.0,0.0,12.0,7.8,25.0,25.0,5.9,7.5,39.0,1.0,33.0,231.0,0,0,0,0,1,0,0,1,0,0,0,0,0,0,0,1,0,3,0,1,0,1,0,0,0.5,0,0,0,0,0,0,1,0,0,0,0,0,0,0,1,0,0,0,0,0,0,0,0
6615,90418.0,12000000.0,106.0,1,0.0,0.0,17.0,10.0,0.0,0.0,0.0,0.0,11.0,1.0,1.0,28.0,0,0,0,0,1,0,0,1,0,0,0,0,0,0,0,1,0,3,0,1,0,1,0,0,0.0,0,0,0,0,0,0,0,1,0,0,0,0,0,0,0,0,0,0,1,0,0,1,0
2959,10422258.0,35000000.0,91.0,1,0.0,0.0,15.0,10.0,14.0,28.0,1.0,4.7,14.0,3.0,5.0,74.0,0,0,0,0,0,0,0,1,0,0,0,0,0,0,0,0,0,1,0,1,0,2,0,0,0.16666666666666666,0,1,0,0,0,0,1,0,0,0,0,0,0,0,0,1,0,0,0,0,0,0,0
4515,6702434.0,35000000.0,92.0,1,0.0,0.0,38.0,10.0,1.0,1.0,6.706,6.706,17.0,1.0,31.0,111.0,0,1,0,0,1,0,1,0,1,0,0,0,0,0,0,0,0,4,0,1,0,1,0,0,0.0,0,0,0,0,0,0,0,1,0,0,0,0,0,0,0,0,0,0,1,0,0,0,0
1571,33369559.0,110000000.0,128.0,4,4415.0,7.27,23.0,10.0,3.5,13.0,4.9,7.8,14.0,5.0,18.0,168.0,0,0,0,0,0,0,1,0,0,1,0,0,0,0,0,0,0,2,0,1,1,2,0,0,0.2,0,0,1,0,0,0,1,0,0,0,0,0,0,0,1,0,0,0,0,0,0,0,0
6639,1915000.0,45000000.0,139.0,1,0.0,0.0,33.0,10.0,32.0,64.0,5.55,10.0,11.0,2.0,15.0,48.0,1,0,0,0,1,0,0,0,0,0,0,0,0,0,0,1,0,2,0,1,0,1,0,0,0.25,0,0,0,0,0,0,0,1,0,0,0,0,0,0,0,0,0,0,1,0,0,0,0
1950,2710445.0,55000000.0,124.0,1,0.0,0.0,40.0,10.0,29.0,58.0,6.4,8.5,7.0,3.0,16.0,50.0,0,0,0,0,1,0,0,0,0,0,0,0,0,0,0,1,0,2,0,1,0,1,0,0,0.2,0,0,0,0,0,0,1,0,0,0,0,0,0,1,0,0,0,0,0,0,0,0,0
5126,3650000.0,27000000.0,106.0,1,0.0,0.0,34.0,10.0,2.5,5.0,5.8,5.8,8.0,2.0,1.0,23.0,0,0,0,0,1,0,0,1,0,0,0,0,0,0,0,0,0,2,0,1,0,1,0,0,0.3333333333333333,0,0,0,0,0,0,0,0,1,0,0,0,0,0,0,0,0,0,0,1,0,0,0
1267,25123781.0,150000000.0,95.0,1,0.0,0.0,2.0,7.563,4.0,8.0,5.6275,7.971,8.0,3.0,3.0,33.0,0,0,0,1,0,0,0,1,0,0,0,0,0,0,0,0,1,3,0,1,0,1,0,0,1.0,0,0,0,0,0,1,0,0,0,0,0,1,0,0,0,0,0,0,0,0,0,0,0
4566,719910.0,25000000.0,119.0,1,0.0,0.0,51.0,10.0,13.0,13.0,7.205,7.467,10.0,1.0,5.0,47.0,0,0,0,0,1,0,0,0,0,1,1,0,0,0,0,0,0,3,0,1,0,1,0,0,0.0,0,0,0,0,0,0,0,1,0,0,0,0,0,0,0,0,0,1,0,0,0,0,0
1268,9889780.0,25000000.0,90.0,2,3549.0,6.459,56.5,10.0,3.5,7.0,6.3,9.1,11.0,3.0,20.0,67.0,0,0,0,0,0,0,0,1,0,0,0,0,0,0,0,0,1,2,0,0,1,1,0,0,0.0,0,0,1,0,0,1,0,0,0,0,0,1,0,0,0,0,0,0,0,0,0,0,0
3432,10017067.0,20000000.0,120.0,1,0.0,0.0,43.0,10.0,14.0,28.0,6.387499999999999,7.856,14.0,2.0,17.0,88.0,0,0,0,0,0,0,0,0,0,1,1,0,0,0,0,0,0,2,0,1,0,2,0,0,0.0,0,0,1,0,0,0,1,0,0,0,0,0,0,0,1,0,0,0,0,0,0,0,0
2284,9630085.0,65000000.0,93.0,1,0.0,0.0,25.0,10.0,1.0,1.0,7.3,7.3,14.0,1.0,18.0,61.0,0,0,1,0,0,0,0,1,0,0,0,0,0,0,0,0,1,3,1,1,0,2,0,0,0.14285714285714285,0,0,0,0,0,0,0,0,1,0,0,0,0,0,0,0,0,0,0,1,0,0,0
13257,9100000.0,22000000.0,87.0,1,0.0,0.0,28.0,10.0,0.0,0.0,0.0,0.0,15.0,2.0,15.0,80.0,0,0,0,0,0,0,0,1,0,0,0,0,0,0,0,1,0,2,0,1,0,1,0,0,0.0,0,0,0,0,0,0,0,1,0,0,0,0,0,0,0,0,0,1,0,0,0,1,1
11172,13623630.0,40000000.0,105.0,1,0.0,0.0,39.0,10.0,11.0,11.0,5.737,6.5,14.0,1.0,1.0,31.0,0,0,0,0,0,0,0,1,0,0,0,0,0,0,1,1,0,3,0,1,0,1,0,0,0.0,0,0,0,0,0,0,0,0,0,0,1,0,0,0,0,0,0,0,0,0,0,0,0
14043,6832318.0,20000000.0,99.0,1,0.0,0.0,6.0,8.1,12.0,29.0,6.0,10.0,9.0,5.0,10.0,53.0,1,1,0,0,0,0,0,1,0,0,1,0,0,1,0,0,1,5,0,1,0,1,0,0,0.3333333333333333,0,0,0,0,0,0,1,0,0,0,0,0,0,0,1,0,0,0,0,0,0,0,0
6637,44783772.0,130000000.0,124.0,2,1119.0,6.6,66.0,10.0,18.0,137.0,6.162,7.8,14.0,10.0,36.0,158.0,0,1,0,0,0,0,1,0,0,1,0,0,0,1,0,0,0,4,0,1,1,1,0,0,0.16666666666666666,0,0,0,0,0,0,0,0,1,0,0,0,0,0,0,0,0,0,0,0,1,0,0
1738,7133049.0,70000000.0,96.0,1,0.0,0.0,51.0,8.4,11.5,52.0,6.2535,7.9,17.0,5.0,13.0,101.0,1,0,0,0,0,0,1,0,0,1,0,0,1,0,0,0,0,3,0,1,0,1,0,0,0.14285714285714285,0,0,0,0,0,1,0,0,0,0,0,0,1,0,0,0,0,0,0,0,0,0,0
6977,1202000.0,25000000.0,122.0,1,0.0,0.0,32.0,10.0,26.0,98.0,7.072,7.861,22.0,4.0,10.0,108.0,1,0,0,0,1,0,0,0,0,1,1,0,0,0,0,0,0,3,0,1,0,1,0,0,0.25,0,0,0,0,0,0,1,0,0,0,0,0,0,0,1,0,0,0,0,0,0,0,0
3638,11704357.0,28000000.0,104.0,1,0.0,0.0,22.0,10.0,5.0,10.0,4.9,7.3,16.0,2.0,17.0,110.0,0,0,0,0,1,0,0,1,0,0,0,0,0,0,0,1,0,3,0,1,0,2,0,0,0.2,0,1,0,0,0,0,1,0,0,0,0,0,0,0,1,0,0,0,0,0,0,0,0
9757,34195434.0,10000000.0,102.0,1,0.0,0.0,20.0,10.0,7.0,71.0,6.0,7.7,7.0,6.0,1.0,29.0,0,0,0,0,0,0,0,1,0,0,0,0,0,0,0,0,0,1,0,1,0,1,0,0,0.0,0,0,0,0,0,0,0,0,0,0,1,0,0,0,0,0,0,0,0,0,0,0,0
298,36133403.0,85000000.0,122.0,3,908.0,6.568,48.0,8.439,8.0,29.0,6.4,7.445,15.0,4.0,13.0,124.0,0,0,0,0,0,0,0,0,0,1,1,0,0,0,0,0,0,2,0,1,1,1,0,0,0.25,0,0,0,0,0,0,1,0,0,0,0,0,0,0,1,0,0,0,0,0,0,0,0
5723,61901.0,160000.0,85.0,1,0.0,0.0,1.0,7.3,19.0,19.0,0.0,7.0,3.0,1.0,6.0,16.0,0,0,0,0,1,0,0,0,0,0,0,0,0,0,1,1,0,3,0,0,0,2,0,0,0.0,0,0,1,0,0,1,0,0,0,0,0,1,0,0,0,0,0,0,0,0,0,0,0
6023,6481221.0,30000000.0,126.0,1,0.0,0.0,28.0,10.0,12.5,25.0,6.7,8.0,9.0,3.0,1.0,22.0,1,0,0,0,1,0,0,0,0,0,0,0,0,0,0,1,0,2,0,1,0,1,0,0,0.2,0,0,0,0,0,0,0,0,1,0,0,0,0,0,0,0,0,0,0,1,0,0,0
13474,2083398.0,3500000.0,98.0,1,0.0,0.0,13.0,10.0,21.0,42.0,5.5,6.9,28.0,5.0,23.0,141.0,0,0,0,0,0,1,0,0,0,1,0,0,0,0,0,0,0,2,0,1,0,1,0,0,0.0,0,0,0,0,0,0,0,0,1,0,0,0,0,0,0,0,0,0,0,1,0,0,1
1534,5001214.0,45000000.0,99.0,1,0.0,0.0,6.0,8.707,6.5,13.0,5.941,7.1,27.0,2.0,25.0,189.0,0,1,0,0,0,0,1,0,0,0,0,0,0,0,0,0,0,2,0,1,0,1,0,0,0.25,0,0,0,0,0,0,0,0,0,1,0,0,0,0,0,0,0,0,0,0,0,0,0
7183,11206163.0,60795000.0,109.0,1,0.0,0.0,47.0,10.0,5.0,10.0,5.8,7.3,8.0,2.0,1.0,18.0,0,0,0,0,0,0,0,0,0,1,1,0,0,1,0,0,0,3,0,1,0,1,0,0,0.5,0,0,0,0,0,1,0,0,0,0,0,0,1,0,0,0,0,0,0,0,0,0,0
285,114732820.0,300000000.0,169.0,3,317.0,7.4,33.0,10.0,24.5,118.0,6.9185,7.8,16.0,7.0,11.0,201.0,0,1,1,0,0,0,1,0,0,0,0,0,0,0,0,0,0,3,0,1,1,1,0,0,0.3333333333333333,0,0,0,0,0,0,1,0,0,0,0,0,0,1,0,0,0,0,0,0,0,0,0
9963,17558689.0,20000000.0,96.0,1,0.0,0.0,15.5,7.6,1.0,1.0,6.8,6.8,13.0,1.0,1.0,24.0,0,0,0,0,1,0,0,0,0,1,0,0,0,1,0,0,0,3,0,1,0,1,0,0,0.25,0,0,0,0,0,0,0,0,0,0,1,0,0,0,0,0,0,0,0,0,0,0,0
16385,3533300.0,20000000.0,104.0,1,0.0,0.0,32.0,10.0,3.5,7.0,6.324,6.7,13.0,6.0,1.0,11.0,0,0,0,0,1,0,0,0,0,0,0,0,0,0,0,0,0,1,0,1,0,2,0,0,0.0,0,0,1,0,0,1,0,0,0,0,0,1,0,0,0,0,0,0,0,0,0,0,0
4283,6048315.0,26000000.0,93.0,1,0.0,0.0,14.0,9.5,17.5,35.0,4.9,7.6,6.0,2.0,1.0,17.0,0,1,0,0,0,1,1,0,0,0,0,0,0,0,0,0,0,3,0,1,0,1,0,0,0.0,0,0,0,0,0,0,0,0,0,1,0,0,0,0,0,0,0,0,0,0,0,0,0
2062,47027395.0,150000000.0,111.0,1,0.0,0.0,26.0,10.0,4.0,88.0,7.262,8.259,11.0,20.0,56.0,390.0,0,0,1,1,0,0,0,1,0,0,0,0,0,0,0,0,1,4,0,1,0,1,0,0,1.0,0,0,0,0,0,0,1,0,0,0,0,0,0,0,1,0,0,0,0,0,0,0,0
16392,3962385.0,26000000.0,95.0,1,0.0,0.0,25.5,10.0,0.0,0.0,0.0,0.0,5.0,2.0,5.0,70.0,0,0,0,0,0,0,1,0,0,1,0,0,0,0,0,0,0,2,0,1,0,1,0,0,0.0,0,0,0,0,0,1,0,0,0,0,0,0,1,0,0,0,0,0,0,0,0,1,0
2355,7460690.0,20000000.0,124.0,1,0.0,0.0,31.0,10.0,17.0,17.0,5.3,6.5,5.0,1.0,7.0,29.0,0,0,0,0,1,0,0,0,0,0,0,0,0,0,0,0,0,1,0,1,0,1,0,0,0.2,0,0,0,0,0,1,0,0,0,0,0,1,0,0,0,0,0,0,0,0,0,0,0
5125,1670000.0,27500000.0,120.0,1,0.0,0.0,26.0,10.0,2.0,2.0,1.0,1.0,14.0,1.0,2.0,42.0,0,0,0,0,1,0,0,0,0,1,0,0,0,0,0,0,0,2,0,1,0,1,0,0,0.0,0,0,0,0,0,0,0,1,0,0,0,0,0,0,0,0,0,1,0,0,0,0,0
10090,10273477.0,10000000.0,83.0,1,0.0,0.0,5.0,8.181,7.0,14.0,5.775,7.0,11.0,3.0,11.0,32.0,0,0,0,0,0,0,1,1,0,0,1,0,0,0,0,0,0,3,0,1,0,1,0,0,0.2857142857142857,0,0,0,0,0,0,0,0,0,0,1,0,0,0,0,0,0,0,0,0,0,0,0
7737,23678580.0,45000000.0,94.0,3,1105.0,6.4,15.0,10.0,18.0,18.0,5.9,6.637,24.0,1.0,21.0,233.0,0,0,0,0,0,1,1,0,0,0,0,0,1,0,0,0,0,3,0,1,1,4,0,0,0.0,0,0,1,0,0,0,0,1,0,0,0,0,0,0,0,0,0,1,0,0,0,0,0
5174,50237000.0,140000000.0,90.0,3,2196.0,6.7,70.0,9.0,7.0,14.0,6.2,9.0,6.0,2.0,1.0,36.0,0,0,0,0,0,0,1,1,0,0,1,0,0,0,0,0,0,3,0,1,1,1,0,0,0.25,0,0,0,0,0,0,1,0,0,0,0,0,0,0,0,0,1,0,0,0,0,0,0
663,31756764.0,10000000.0,93.0,4,364.0,6.404,13.0,8.459,3.0,36.0,6.404,7.421,14.0,7.0,15.0,86.0,0,0,0,0,0,1,0,0,0,1,1,0,0,0,0,0,0,3,0,1,1,1,0,0,0.0,0,0,0,0,0,0,0,1,0,0,0,0,0,0,0,0,0,0,1,0,0,0,0
4141,5450000.0,39000000.0,86.0,1,0.0,0.0,42.0,10.0,17.0,17.0,5.5,6.906,8.0,1.0,1.0,171.0,0,0,0,0,0,0,1,1,0,1,1,0,0,0,0,0,0,4,0,1,0,1,0,0,0.5,0,0,0,0,0,0,1,0,0,0,0,0,0,0,0,1,0,0,0,0,0,0,0
7485,14523571.0,61000000.0,124.0,1,0.0,0.0,24.0,10.0,4.0,4.0,6.154,7.465,6.0,2.0,2.0,31.0,1,0,0,0,1,0,1,0,0,1,0,0,0,0,0,0,0,3,0,1,0,2,0,0,0.3333333333333333,0,0,0,0,0,1,0,0,0,0,0,1,0,0,0,0,0,0,0,0,0,0,0
810,121629270.0,160000000.0,93.0,3,1093.0,7.3,52.0,10.0,11.0,113.0,6.687,10.0,19.0,10.0,1.0,46.0,0,1,1,1,0,0,0,1,0,0,0,0,0,0,0,0,1,5,0,1,1,1,0,0,0.0,0,0,0,0,0,0,1,0,0,0,0,0,0,1,0,0,0,0,0,0,0,0,0
2359,68969.0,9000000.0,123.0,1,0.0,0.0,20.5,7.7,62.0,62.0,7.0,7.53,6.0,2.0,3.0,24.0,0,0,0,0,1,0,0,1,0,0,0,1,0,0,0,0,0,3,0,1,0,1,0,0,0.0,0,0,0,0,0,0,1,0,0,0,0,0,0,1,0,0,0,0,0,0,0,0,0
559,151116516.0,258000000.0,139.0,3,1040.0,7.3,27.0,10.0,18.0,250.0,5.9,7.9,24.0,8.0,9.0,108.0,0,1,0,0,0,0,1,0,0,0,0,0,1,0,0,0,0,3,0,1,1,1,0,0,0.3333333333333333,0,0,0,0,0,0,1,0,0,0,0,0,0,1,0,0,0,0,0,0,0,0,0
2270,9169779.0,70000000.0,127.0,1,0.0,0.0,20.0,10.0,5.5,11.0,6.4,8.12,19.0,3.0,14.0,94.0,1,1,1,0,0,0,0,0,0,0,0,0,0,0,0,1,1,4,0,1,0,3,0,0,0.2,0,0,1,0,0,0,1,0,0,0,0,0,0,0,0,0,1,0,0,0,0,0,0
1931,21833312.0,13000000.0,114.0,1,0.0,0.0,3.0,10.0,3.5,7.0,5.2,6.0,4.0,2.0,2.0,14.0,0,0,0,0,1,0,0,0,0,0,0,0,0,0,1,0,0,2,0,1,0,1,0,0,0.0,0,0,0,0,0,0,1,0,0,0,0,0,0,1,0,0,0,0,0,0,0,0,0
1272,242964.0,50000000.0,107.0,1,0.0,0.0,22.0,8.5,4.0,4.0,6.8535,7.225,19.0,1.0,24.0,336.0,0,0,0,0,1,0,0,0,0,1,0,0,1,0,0,0,0,3,0,0,0,1,0,0,0.0,0,0,1,0,0,1,0,0,0,0,0,0,1,0,0,0,0,0,0,0,0,0,0
8363,33052411.0,20000000.0,113.0,1,0.0,0.0,7.0,8.5,1.0,1.0,6.4,6.4,12.0,2.0,16.0,100.0,0,0,0,0,0,0,0,1,0,0,0,0,0,0,0,0,0,1,0,1,0,1,0,0,0.5,0,0,0,0,0,1,0,0,0,0,0,1,0,0,0,0,0,0,0,0,0,0,0
9408,17640249.0,85000000.0,85.0,1,0.0,0.0,27.0,10.0,2.0,34.0,6.1,7.971,12.0,9.0,4.0,40.0,0,0,0,1,0,0,0,1,0,0,0,0,0,0,0,0,1,3,0,1,0,3,0,0,0.6666666666666666,0,0,1,0,0,0,1,0,0,0,0,0,0,0,1,0,0,0,0,0,0,0,0
13885,9300805.0,50000000.0,116.0,1,0.0,0.0,48.0,10.0,58.0,366.0,6.6,9.25,8.0,6.0,19.0,78.0,0,0,0,0,1,1,0,0,0,0,0,0,0,0,0,0,0,2,0,1,0,2,0,0,0.2,0,0,1,0,0,0,0,0,1,0,0,0,0,0,0,0,0,0,0,0,1,0,0
10760,5196380.0,16500000.0,108.0,1,0.0,0.0,10.0,8.1,0.0,0.0,0.0,0.0,7.0,1.0,2.0,19.0,0,0,0,0,0,0,0,1,0,0,0,0,0,0,0,0,0,1,0,1,0,1,0,0,0.5,0,0,0,0,0,0,0,1,0,0,0,0,0,0,0,0,0,1,0,0,0,1,0
6535,391000.0,26000000.0,118.0,1,0.0,0.0,23.0,8.8,5.0,10.0,5.1,6.8,11.0,3.0,2.0,26.0,0,0,0,0,1,0,0,0,0,0,0,0,0,0,0,0,0,1,0,1,0,1,0,0,0.0,0,0,0,0,0,0,1,0,0,0,0,0,0,0,0,1,0,0,0,0,0,0,0
4512,147812.0,30000000.0,159.0,1,0.0,0.0,23.0,8.506,3.0,6.0,6.7,6.7,29.0,2.0,31.0,174.0,1,0,0,0,1,0,0,0,0,0,0,0,0,0,0,0,0,2,1,1,0,3,0,0,0.16666666666666666,0,0,1,0,0,0,0,1,0,0,0,0,0,0,0,0,0,1,0,0,0,0,0
5172,4454319.0,13000000.0,104.0,1,0.0,0.0,56.0,10.0,4.0,8.0,6.6,7.1,7.0,2.0,2.0,16.0,0,1,0,0,1,0,0,1,0,0,0,0,1,0,0,0,0,4,0,1,0,1,0,0,0.5,0,0,0,0,0,0,0,0,0,0,1,0,0,0,0,0,0,0,0,0,0,0,0
2503,69283690.0,70000000.0,115.0,3,1106.0,7.324,52.0,10.0,5.0,35.0,6.617,7.467,62.0,5.0,45.0,428.0,1,0,0,0,1,0,1,0,0,1,0,0,0,1,0,0,0,4,0,1,1,4,0,0,0.125,0,0,1,0,0,0,1,0,0,0,0,0,0,0,0,0,1,0,0,0,0,0,0
4413,13471488.0,70000000.0,122.0,1,0.0,0.0,41.0,10.0,31.0,62.0,5.0,6.0,21.0,5.0,19.0,154.0,0,0,0,0,1,0,0,0,0,1,1,0,0,0,0,0,0,3,0,1,0,1,0,0,0.3333333333333333,0,0,0,0,0,0,0,1,0,0,0,0,0,0,0,0,0,1,0,0,0,0,0
7350,335837.0,45000000.0,97.0,1,0.0,0.0,24.0,10.0,5.0,10.0,6.05,6.649,16.0,2.0,14.0,80.0,0,0,0,0,1,0,0,1,0,0,0,0,0,0,0,0,0,2,0,1,0,1,0,0,0.0,0,0,0,0,0,0,0,0,1,0,0,0,0,0,0,0,0,0,0,0,1,0,0
10759,5554594.0,15000000.0,107.0,1,0.0,0.0,32.0,9.1,1.0,2.0,5.782,5.782,12.0,6.0,1.0,41.0,0,0,0,0,0,0,0,1,0,0,0,0,0,0,0,0,0,1,0,1,0,1,0,0,0.5,0,0,0,0,0,0,0,1,0,0,0,0,0,0,0,0,0,0,1,0,0,0,0
14636,3807595.0,20000000.0,113.0,1,0.0,0.0,26.0,10.0,11.0,22.0,5.0275,6.2,32.0,2.0,30.0,203.0,0,0,0,0,0,0,1,0,0,1,0,0,0,0,0,0,0,2,0,1,0,1,0,0,0.0,0,0,0,0,0,1,0,0,0,0,0,0,1,0,0,0,0,0,0,0,0,0,0
4538,134938.0,16000000.0,92.0,1,0.0,0.0,25.5,8.5,21.0,42.0,7.0105,9.0,37.0,3.0,18.0,130.0,0,1,0,0,1,0,0,1,0,0,0,0,0,0,0,0,0,3,0,1,0,1,0,0,0.0,0,0,0,0,0,0,0,1,0,0,0,0,0,0,0,0,0,1,0,0,0,0,0
13680,22950971.0,22000000.0,110.0,1,0.0,0.0,29.5,10.0,14.0,14.0,6.2315,6.9,2.0,5.0,16.0,43.0,0,0,0,0,0,0,0,1,0,0,0,0,0,0,0,0,1,2,0,1,0,1,0,0,0.3333333333333333,0,0,0,0,0,0,0,1,0,0,0,0,0,0,0,0,0,1,0,0,0,0,0
2268,26125000.0,180000000.0,113.0,1,0.0,0.0,24.0,10.0,7.5,15.0,6.162,6.674,19.0,2.0,19.0,169.0,1,1,1,0,0,0,0,0,0,0,0,0,0,0,0,0,0,2,0,1,0,2,0,0,0.25,0,0,1,0,0,0,0,0,1,0,0,0,0,0,0,0,0,0,0,0,1,0,0
14047,6005180.0,15000000.0,126.0,1,0.0,0.0,8.0,8.5,10.0,10.0,5.9,7.5,30.0,2.0,31.0,158.0,0,0,0,0,1,0,0,0,0,0,0,0,0,0,0,0,0,1,0,1,0,1,0,0,0.0,0,0,0,0,0,0,0,0,1,0,0,0,0,0,0,0,0,0,0,0,1,0,0
9038,14022105.0,60000000.0,116.0,1,0.0,0.0,11.0,10.0,25.0,143.0,6.2,9.0,13.0,6.0,2.0,54.0,0,0,0,0,0,0,0,1,0,0,0,0,0,0,0,1,0,2,0,1,0,1,0,0,0.0,0,0,0,0,0,0,0,1,0,0,0,0,0,0,0,0,0,0,1,0,0,0,0
9793,9686362.0,15000000.0,90.0,2,377.0,6.4,17.0,8.0,90.5,181.0,5.7,8.5,5.0,3.0,2.0,16.0,0,0,0,0,0,1,0,0,0,1,0,0,0,0,0,0,0,2,0,1,1,1,0,0,0.0,0,0,0,0,0,1,0,0,0,0,0,1,0,0,0,0,0,0,0,0,0,0,0
8398,8234000.0,10000000.0,84.0,1,0.0,0.0,6.0,10.0,7.0,28.0,5.75,6.948,10.0,3.0,9.0,63.0,0,0,0,0,0,1,0,0,0,1,1,0,0,0,0,0,0,3,0,1,0,2,0,0,0.0,0,0,1,0,0,0,0,0,0,1,0,0,0,0,0,0,0,0,0,0,0,0,0
4858,5951409.0,80000000.0,99.0,1,0.0,0.0,36.0,10.0,10.0,10.0,6.15,7.5,12.0,2.0,34.0,162.0,1,0,0,0,0,1,0,0,0,1,0,0,1,1,0,0,0,4,0,1,0,2,0,0,0.25,0,1,0,0,0,0,1,0,0,0,0,0,0,0,0,0,1,0,0,0,0,0,0
9785,7717309.0,30000000.0,102.0,1,0.0,0.0,6.0,8.5,8.0,16.0,5.55,7.045,8.0,3.0,12.0,63.0,1,0,1,0,0,0,0,0,0,1,0,0,0,1,0,0,0,3,1,1,0,2,0,0,0.0,0,0,0,0,0,1,0,0,0,0,0,0,1,0,0,0,0,0,0,0,0,0,0
5951,148549.0,26000000.0,106.0,1,0.0,0.0,19.0,10.0,11.0,11.0,6.8,7.667,8.0,1.0,1.0,17.0,0,0,0,0,0,0,0,1,0,0,0,0,0,0,0,1,0,2,0,1,0,1,0,0,0.0,0,0,0,0,0,0,0,1,0,0,0,0,0,0,0,0,0,1,0,0,0,0,0
4349,17135055.0,70000000.0,110.0,1,0.0,0.0,25.0,8.016,0.0,0.0,0.0,0.0,15.0,1.0,4.0,112.0,0,0,0,0,1,0,1,0,0,1,0,0,0,0,0,0,0,3,0,1,0,2,0,0,0.2,0,0,1,0,0,0,1,0,0,0,0,0,0,0,0,0,1,0,0,0,0,1,0
7979,471713.0,20000000.0,128.0,1,0.0,0.0,3.0,8.0,4.0,4.0,7.230499999999999,7.3,7.0,2.0,2.0,19.0,1,0,0,0,1,0,0,0,0,0,0,0,0,0,0,0,0,1,0,1,0,3,0,0,0.0,0,0,1,1,0,0,0,0,1,0,0,0,0,0,0,0,0,0,0,0,1,0,0
9703,2746312.0,67000000.0,102.0,1,0.0,0.0,34.0,10.0,6.0,28.0,5.4,7.125,14.0,6.0,4.0,42.0,1,1,1,0,0,0,1,0,0,0,0,0,0,0,0,0,0,3,0,1,0,7,0,0,0.0,0,0,1,0,1,1,0,0,0,0,0,0,1,0,0,0,0,0,0,0,0,0,0
2267,10200000.0,26000000.0,94.0,1,0.0,0.0,10.5,10.0,17.0,87.0,6.308,9.0,6.0,6.0,1.0,25.0,0,1,0,0,1,0,0,0,0,0,0,0,1,0,0,0,0,3,0,1,0,1,0,0,0.5,0,0,0,0,0,0,0,0,0,0,1,0,0,0,0,0,0,0,0,0,0,0,0
8270,2007000.0,16000000.0,99.0,1,0.0,0.0,26.0,10.0,12.0,12.0,6.35,7.35,10.0,1.0,1.0,28.0,0,0,0,0,1,0,0,0,0,1,1,0,0,0,0,0,0,3,0,1,0,1,0,0,0.0,0,0,0,0,0,1,0,0,0,0,0,1,0,0,0,0,0,0,0,0,0,0,0
9966,14713321.0,16000000.0,90.0,1,0.0,0.0,26.0,7.838,1.0,2.0,6.1,7.4,15.0,2.0,1.0,42.0,0,0,0,0,0,1,0,0,0,1,0,0,0,1,0,0,0,3,0,1,0,1,0,0,0.16666666666666666,0,0,0,0,0,0,0,0,0,0,1,0,0,0,0,0,0,0,0,0,0,0,0
5876,8931973.0,18000000.0,126.0,1,0.0,0.0,26.0,8.5,65.0,130.0,5.9,10.0,16.0,2.0,14.0,74.0,1,0,0,0,0,1,0,0,0,1,0,0,1,0,0,0,0,3,0,1,0,1,0,0,0.0,0,0,0,0,0,0,0,0,1,0,0,0,0,0,0,0,0,0,0,1,0,0,0
12435,7480927.0,20000000.0,106.0,1,0.0,0.0,13.0,10.0,6.5,13.0,7.175,7.3,24.0,4.0,37.0,145.0,1,0,0,0,1,0,0,1,0,0,0,0,0,0,0,1,0,3,0,1,0,1,0,0,0.0,0,0,0,0,0,0,1,0,0,0,0,0,0,0,0,0,1,0,0,0,0,0,0
3594,15107000.0,30000000.0,98.0,1,0.0,0.0,24.0,8.6,0.0,0.0,0.0,0.0,12.0,1.0,1.0,26.0,0,0,0,0,0,0,0,0,0,1,1,0,0,1,0,0,0,3,0,1,0,2,0,0,0.3333333333333333,0,0,1,0,0,0,0,0,0,0,1,0,0,0,0,0,0,0,0,0,0,1,0
26990,2283360.0,26000000.0,96.0,1,0.0,0.0,22.0,10.0,1.0,1.0,4.7,4.7,13.0,1.0,11.0,2.0,0,0,0,0,1,0,0,1,0,0,0,0,0,0,0,1,1,4,0,1,0,1,0,0,0.0,0,0,0,0,0,0,0,0,1,0,0,0,0,0,0,0,0,0,0,0,1,0,0
1683,10025203.0,40000000.0,99.0,1,0.0,0.0,27.0,8.1,13.0,26.0,4.6,7.0,37.0,3.0,47.0,298.0,0,0,0,0,0,1,0,0,0,0,0,0,0,0,0,0,0,1,0,1,0,1,0,0,0.2,0,0,0,0,0,1,0,0,0,0,0,0,1,0,0,0,0,0,0,0,0,0,0
8272,151859.0,26000000.0,114.0,1,0.0,0.0,39.0,10.0,4.0,4.0,6.0,6.3,11.0,1.0,2.0,19.0,0,0,0,0,1,0,0,1,0,0,0,0,0,0,0,0,0,2,0,1,0,1,0,0,0.0,0,0,0,0,0,0,0,0,1,0,0,0,0,0,0,0,0,0,0,1,0,0,0
2274,3745315.0,45000000.0,94.0,1,0.0,0.0,35.0,10.0,5.5,11.0,7.0,7.967,7.0,2.0,1.0,38.0,1,1,1,0,1,0,0,0,0,1,0,0,0,0,0,0,1,5,0,1,0,1,0,0,0.3333333333333333,0,0,0,0,0,0,0,1,0,0,0,0,0,0,0,0,0,0,1,0,0,0,0
35,74036787.0,75000000.0,87.0,1,0.0,0.0,38.0,10.0,2.5,59.0,6.7,10.0,13.0,12.0,7.0,70.0,0,0,0,1,0,0,0,1,0,0,0,0,0,0,0,0,1,3,0,1,0,1,0,0,0.5,0,0,0,0,0,0,1,0,0,0,0,0,0,0,0,1,0,0,0,0,0,0,0
14624,1200000.0,26000000.0,114.0,1,0.0,0.0,11.0,10.0,1.0,1.0,0.0,0.0,4.0,2.0,7.0,35.0,1,0,0,0,1,0,0,0,0,0,0,0,0,0,0,1,1,3,0,1,0,1,0,0,0.0,0,0,0,0,0,1,0,0,0,0,0,1,0,0,0,0,0,0,0,0,0,0,0
54318,9186054.0,40000000.0,112.0,1,0.0,0.0,21.5,8.1,3.5,7.0,6.366,7.0,44.0,2.0,25.0,255.0,1,1,1,0,0,0,0,0,0,0,0,0,0,0,0,0,1,3,0,1,0,3,0,0,0.0,0,1,1,0,0,0,0,0,1,0,0,0,0,0,0,0,0,0,0,0,1,0,0
7345,190739.0,25000000.0,158.0,1,0.0,0.0,28.0,8.0,18.0,36.0,6.0,7.725,7.0,2.0,24.0,94.0,1,0,0,0,1,0,0,0,0,0,0,0,0,0,0,0,0,1,0,1,0,1,0,0,0.25,0,0,0,0,0,0,0,0,1,0,0,0,0,0,0,0,0,0,0,0,1,0,0
3877,1561949.0,16000000.0,113.0,1,0.0,0.0,36.0,10.0,0.0,0.0,0.0,0.0,11.0,1.0,17.0,51.0,0,0,0,0,1,0,0,0,0,0,0,0,0,0,0,0,0,1,0,1,0,1,0,0,0.0,0,0,0,0,0,0,0,1,0,0,0,0,0,0,0,0,0,1,0,0,0,1,0
15250,17958183.0,13000000.0,117.0,1,0.0,0.0,26.0,10.0,11.0,11.0,5.8,6.9,13.0,1.0,11.0,3.0,0,0,0,0,1,0,0,1,0,0,0,0,0,0,0,1,0,3,0,1,0,1,0,0,0.0,0,0,0,0,0,0,0,0,1,0,0,0,0,0,0,0,0,0,0,1,0,0,0
1273,24255205.0,34000000.0,86.0,1,0.0,0.0,11.0,9.8,11.0,25.0,5.4,7.3,19.0,3.0,1.0,30.0,0,1,0,1,0,0,0,1,0,0,0,0,0,0,0,0,1,4,0,1,0,2,0,0,0.0,0,0,0,1,0,1,0,0,0,0,0,1,0,0,0,0,0,0,0,0,0,0,0
1858,70502384.0,150000000.0,144.0,1,0.0,0.0,17.0,10.0,8.0,22.0,6.123,7.812,16.0,5.0,10.0,112.0,0,1,0,0,0,0,1,0,0,0,0,0,1,0,0,0,0,3,0,1,0,1,0,0,0.25,0,0,0,0,0,0,1,0,0,0,0,0,0,0,1,0,0,0,0,0,0,0,0
6589,11585121.0,25000000.0,82.0,1,0.0,0.0,37.0,9.0,123.0,123.0,4.3,6.7,13.0,7.0,5.0,57.0,1,1,1,0,0,0,1,1,0,0,0,0,1,0,0,0,1,6,0,1,0,1,0,0,0.2,0,0,0,0,0,0,1,0,0,0,0,0,0,0,0,0,1,0,0,0,0,0,0
10294,7603376.0,19000000.0,85.0,1,0.0,0.0,32.0,10.0,2.0,2.0,5.2,5.2,7.0,1.0,11.0,71.0,0,0,0,0,0,1,0,0,0,1,0,0,0,0,0,0,0,2,0,1,0,1,0,0,0.0,0,0,0,0,0,1,0,0,0,0,0,0,1,0,0,0,0,0,0,0,0,0,0
10758,92034.0,1500000.0,105.0,1,0.0,0.0,12.0,10.0,11.0,11.0,0.0,6.0,8.0,1.0,5.0,24.0,0,0,0,0,1,0,0,1,0,0,0,0,0,0,0,1,0,3,0,1,0,1,0,0,0.0,0,0,0,0,0,0,1,0,0,0,0,0,0,1,0,0,0,0,0,0,0,0,0
6575,4174383.0,35000000.0,96.0,1,0.0,0.0,20.0,8.0,17.5,35.0,6.017,7.5,12.0,2.0,22.0,85.0,0,0,0,0,0,0,0,1,0,0,0,0,0,0,1,0,0,2,0,1,0,1,0,0,0.5,0,0,0,0,0,0,0,0,1,0,0,0,0,0,0,0,0,0,0,0,1,0,0
10431,9820089.0,25000000.0,103.0,1,0.0,0.0,18.0,10.0,0.0,0.0,0.0,0.0,10.0,2.0,1.0,73.0,0,0,0,0,0,0,1,0,0,1,0,0,0,0,0,0,0,2,1,1,0,2,0,0,0.0,0,0,0,0,0,0,1,0,0,0,0,0,0,0,0,0,1,0,0,0,0,1,0
2001,10826287.0,21000000.0,118.0,1,0.0,0.0,25.0,10.0,5.0,5.0,6.191,6.5,18.0,1.0,17.0,102.0,0,0,0,0,1,0,0,0,0,1,1,0,0,0,0,0,0,3,0,1,0,1,0,0,0.25,0,0,0,0,0,0,0,1,0,0,0,0,0,0,0,0,0,0,1,0,0,0,0
15581,2756661.0,7000000.0,93.0,1,0.0,0.0,4.0,10.0,5.5,11.0,5.1,6.3,20.0,3.0,1.0,28.0,0,0,0,0,0,0,0,1,0,0,0,0,0,0,0,0,0,1,0,1,0,1,0,0,0.0,0,0,0,0,0,0,1,0,0,0,0,0,0,0,0,1,0,0,0,0,0,0,0
17202,21353789.0,15000000.0,113.0,1,0.0,0.0,11.0,10.0,29.0,29.0,6.87,8.0,2.0,1.0,1.0,9.0,0,0,0,0,1,0,0,1,0,0,0,0,0,0,0,0,0,2,0,1,0,1,0,0,0.0,0,0,0,0,0,0,0,1,0,0,0,0,0,0,0,0,0,0,1,0,0,0,0
11199,39699023.0,26000000.0,100.0,1,0.0,0.0,39.0,10.0,0.0,0.0,0.0,0.0,20.0,1.0,21.0,116.0,0,1,0,0,0,0,1,1,0,0,0,0,0,0,0,0,0,3,0,1,0,1,0,0,0.0,0,0,0,0,0,1,0,0,0,0,0,1,0,0,0,0,0,0,0,0,0,1,0
1949,13395610.0,65000000.0,157.0,1,0.0,0.0,33.0,10.0,2.5,5.0,6.452,6.5,8.0,2.0,16.0,45.0,0,0,0,0,1,0,0,0,0,1,1,0,0,1,0,0,0,4,0,1,0,1,0,0,0.6666666666666666,0,0,0,0,0,1,0,0,0,0,0,1,0,0,0,0,0,0,0,0,0,0,0
